Username,User_link,Fullname,Where,Followers,Following,Tracks,Playlists
airnewsalerts,https://soundcloud.com/allindiaradionews,All India Radio News,"New Delhi, India",21597,0,19096,13
ali,https://soundcloud.com/alithegreatxo,None,None,2659208,0,37,0
AskPat,https://soundcloud.com/askpat,Pat Flynn,"San Diego, United States",429651,1,23,8
Americarnage,https://soundcloud.com/americarnage,Americarnage Podcast,"London, England",831737,1,4,3
Atomic [UK],https://soundcloud.com/atomicdubstep,Ben Fadero,None,88784,108,29,0
APM Reports,https://soundcloud.com/apmreports,APM Reports,"St. Paul, United States",146953,5,3,0
ABCRadioNational,https://soundcloud.com/abc_rn,ABC Radio National,Australia,77799,1,22,22
Adam_and_Joe,https://soundcloud.com/adam_and_joe,Adam and Joe,None,725386,194,3,1
alaantv,https://soundcloud.com/user64591691,Al Aan TV,"Dubai, United Arab Emirates",1477,0,0,0
Alicia Jones,https://soundcloud.com/aliciajones78,None,None,575452,0,0,0
AmmarTV,https://soundcloud.com/ammartv,Ammar TV Channel,"Bali, Indonesia",15994,2,0,39
Avanoticias,https://soundcloud.com/avanoticias-xalapa,Avanoticias Xalapa,"Xalapa, Mexico",553,1,121,19
AlexHorne BreaksTheNews,https://soundcloud.com/alexhorne,Joel Porter,"London, United Kingdom",121614,0,5,2
Atomic Trivia War 9000,https://soundcloud.com/atw9k,None,None,358018,13,3,3
AC 360,https://soundcloud.com/ac360,Anderson Cooper 360,"New York, United States",98320,1,6,0
ATIF ASLAM,https://soundcloud.com/atif-aslam-official,Atif Aslam,"Lahore, Pakistan",163149,0,3,0
A.D.D. Comedy with Dave Razowsky,https://soundcloud.com/addcomedy-1,Dave Razowsky,"US, United States",65283,25,2,6
Adam Hunter's World,https://soundcloud.com/hunters-world,Adam Hunter,"Los Angeles, CA, United States",125769,0,3,0
Adam Buxton,https://soundcloud.com/adam-buxton,Adam Buxton,Norwich,18139,14,196,5
AST Records,https://soundcloud.com/aspecialthing,Matt Belknap,"Los Angeles, United States",798014,35,4,33
Ariana Grande,https://soundcloud.com/arianagrandeforrealidkwhyicantgetmyownlinkbutok,Ariana Grande,None,116524,3,4,0
Audiosach,https://soundcloud.com/audiosach,None,None,360,1,5,225
AlMasryAlYoum,https://soundcloud.com/almasryalyoum,?????? ?????,"Cairo , Egypt",3861,0,3830,4
ashillazhrtiara,https://soundcloud.com/ashillazhrtiara,None,None,46934,1,12,0
adolfsasquatch,https://soundcloud.com/adolfsasquatch,Jack,"Glasgow, United Kingdom",397067,281,51,3
A-1 Broadcast,https://soundcloud.com/a-1broadcast,None,None,291,0,3495,379
AM950's Podcasts,https://soundcloud.com/am950-show-podcasts,AM950 Radio,"Eden Prairie, United States",558,7,3,10
ARMA17,https://soundcloud.com/arma17,ARMA17,Moscow,30797,15,221,17
Artsyrinx,https://soundcloud.com/josefschlotter,Josef Schlotter,"Ravensburg, Germany",263,6,3343,0
Ar livre,https://soundcloud.com/arlivrepodcast,Salvador Martinha,"Lisbon, Portugal",8589,5,171,0
Anup Jalota,https://soundcloud.com/anup-jalota,None,None,581,0,2767,0
Areld,https://soundcloud.com/areld,F F,None,66,27,3643,0
anchorman,https://soundcloud.com/anchorman,Johnny Habibe,"Oranjestad, Aruba",405,22,3323,0
asima-online.net ????? ??????? ???????,https://soundcloud.com/damascus-radio,????? ??????? ???????,Damascus,1184,0,18,21
Ahval,https://soundcloud.com/ahvalnews,Ahval News,None,1135,0,2831,0
Alci Taveras,https://soundcloud.com/alci-taveras,Alci Taveras,None,24,28,0,0
Acoustic Music Recordings,https://soundcloud.com/acoustic-music-recordings,Gaston Matthijsse,"Teuven Voeren, Belgium",6162,68,140,0
Aniara Recordings,https://soundcloud.com/aniara-recordings,Fabian Bruhn,"Gothenburg, Sweden",23729,73,91,0
Agencia Andina,https://soundcloud.com/agenciaandina,Andina Radio Online,"Lima, Peru",353,26,3068,10
Alexis Ren,https://soundcloud.com/renalexis,Alexis Ren,None,102738,59,13,0
ABK Radio Officiel,https://soundcloud.com/abk-radio-270145041,ABK RADIO,"Douala, Cameroon",254,0,4515,37
Alex Clare,https://soundcloud.com/alexclareofficial,Alex Clare,"London, United Kingdom",83984,0,3,1
ashillazhrtiara,https://soundcloud.com/ashillazhrtiara,None,None,46934,1,12,0
adolfsasquatch,https://soundcloud.com/adolfsasquatch,Jack,"Glasgow, United Kingdom",397067,281,51,3
Azatlyk Radiosy,https://soundcloud.com/azatlyk-radiosy,None,None,312,0,15,0
Alan Sacha Laskow,https://soundcloud.com/alansachalaskow,Sacha,"Calgary, Canada",273447,1,48,5
adidasfootball,https://soundcloud.com/adidasfootball,adidas Football,"Herzogenaurach, Germany",147622,0,29,0
AM980,https://soundcloud.com/am980,None,None,282,2,5,10
Adam ?lesik,https://soundcloud.com/adam-lesik,Adam ?lesik,None,72166,0,0,0
ArranH,https://soundcloud.com/azzeron86,None,"London, United Kingdom",51,30,0,260
A1K3M1,https://soundcloud.com/a1k3m1,None,United States,7831,1689,113,108
abcnewsradio,https://soundcloud.com/abcnewsradio,ABC News Radio,"New York, United States",30272,0,14,2
AmbonManiseMoluccanMusic,https://soundcloud.com/ambonmanisemoluccanmusic,Sylvia Proost (Kaitjily),"Nederland, Netherlands",1281,12,904,2
Ange LEONI,https://soundcloud.com/no-sens,DASREICH,"Experimental Sound, France",1549,3,20,0
A?B,https://soundcloud.com/astroboy9901,None,China,18782,19,24,0
ashjaan media,https://soundcloud.com/ashjaan,ashjaan media,Bahrain,4413,0,11,8
Aphex Twin (Official),https://soundcloud.com/aphex-twin-official,None,None,99810,0,2,0
Acid Dipped Music,https://soundcloud.com/acid-dipped-music,Acid Dipped Music,"Ojai, United States",1567,0,162,0
arrahman,https://soundcloud.com/arrahman,Rahman A. R.,"Chennai, India",31750,0,6,0
A History of Mozart,https://soundcloud.com/a-history-of-mozart,A History of Mozart in a Dozen Obje,None,12838,194,16,1
A History of Mozart,https://soundcloud.com/a-history-of-mozart,A History of Mozart in a Dozen Obje,None,12838,194,16,1
asima-online.net ????? ??????? ???????,https://soundcloud.com/damascus-radio,????? ??????? ???????,Damascus,1184,0,18,21
Aemerican Royalty,https://soundcloud.com/aemericanroyalty,None,"Las Vegas, United States",36941,7,1,0
Alpha Classics,https://soundcloud.com/alphaclassics,None,None,389,2,218,6
Arthur Detour NL Official,https://soundcloud.com/artoo-detoo,Arthur Detour A 2 D 2,"CLUB.NL Pheromone Nights & KIWILAN, Netherlands",3258,1995,24,0
Al3ahdFM,https://soundcloud.com/al3ahdfm,#?????_????? | ???? ???,"Damascus, Syrian Arab Republic",2532,0,9,40
Atlantic Records UK A&R,https://soundcloud.com/atlanticukar,None,None,1064,2,4,0
ajurry,https://soundcloud.com/ajurry,???? ?????? ??????,None,7616,0,247,11
Atelier Sawano,https://soundcloud.com/atelier_sawano,Atelier Sawano,"Osaka, Japan",2238,2,206,142
Akustik Fm,https://soundcloud.com/akustikfm,Michael Kuyucu,None,40394,0,50,0
Authority Hacker,https://soundcloud.com/authorityhacker,Gael Breton,None,4529,4,290,1
angelo_mikha,https://soundcloud.com/angelo-mikha,Mikha Angelo,"Jakarta, Indonesia",36789,213,36,3
Ani Kai Reiki,https://soundcloud.com/anienergy,Ani Reiki,"South Florida, United States",5342,0,12,0
AVICII,https://soundcloud.com/avicii-3,None,Switzerland,120736,13,0,2
allsoundsasscreed,https://soundcloud.com/allsoundsasscreed,None,None,904,9,1799,4
Ashton Kutcher,https://soundcloud.com/aplusk,Ashton Kutcher,"LA, United States",63286,16,5,1
ALMONEY,https://soundcloud.com/almoneymusic,Jose Alfredo Jimenez,"Miami, United States",37613,0,10,0
Afternoon Records,https://soundcloud.com/afternoonrecords,None,"Minneapolis, Minnesota, United States",65523,0,43,1
Andrew Weatherall,https://soundcloud.com/andrew-weatherall,Andrew Weatherall,London,43285,0,42,0
ADD VENTURES MUSIC,https://soundcloud.com/addventuresmusic,None,None,284,23,1834,13
Alexander Nuzhdin,https://soundcloud.com/alexander-nuzhdin,Alexander Nuzhdin,"Moskow, Russian Federation",6772,50,167,0
AL Datunugu,https://soundcloud.com/aldatunugu,AL Datunugu,Indonesia,20708,8,51,0
Auralation Music,https://soundcloud.com/auralation,None,"KNOXVILLE, United States",372,684,457,11
adediablo,https://soundcloud.com/user-218452092,adeyemi adenuga,"LONDON, United Kingdom",6063,93,1436,50
ABSENCE,https://soundcloud.com/absencemusik,None,None,72841,165,5,0
Arash Pakzad,https://soundcloud.com/arash-pakzad,Arash Pakzad,SoundCity,2960,18,48,7
aki.mix,https://soundcloud.com/akimix,edson dj aki,"piura, Peru",3736,0,192,10
Adeline,https://soundcloud.com/adeline,Adeline,Ibiza/Barcelona/Stockholm,24833,220,1,1
AND ONE,https://soundcloud.com/andone_official,Steve Naghavi,"Berlin, Germany",3165,3,327,0
ANTONIO CORRAO,https://soundcloud.com/dj-antonio-corrao,Antonio Corrao,"Brooklyn, United States",1837,0,185,9
Americhicks,https://soundcloud.com/the-heart-of-the-matter,None,None,244,71,1428,0
Airmow,https://soundcloud.com/airmowmusic,Antonin Lemiere,"Paris, France",6601,2,31,0
Alison Rosen,https://soundcloud.com/ariynbf,Is Your New Best Friend,None,885,1,17,0
Anuradha Paudwal,https://soundcloud.com/anuradha-paudwal,None,None,798,0,924,0
A View From The Bridge,https://soundcloud.com/avftb,Official Podcast of the Belfast Giants,"Belfast, United Kingdom",547,2,1010,0
Assemble Sound,https://soundcloud.com/assemblesound,Assemble Sound,Detroit,1117,349,33,0
Alan Tam,https://soundcloud.com/alantamofficial,None,None,207,0,1223,0
? TRAVERS LA BIBLE,https://soundcloud.com/a-travers-la-bible,? TRAVERS LA BIBLE,None,89,0,1299,50
Agora Philosophical Forum,https://soundcloud.com/agora-philosophical-forum,None,None,3173,0,339,31
Abracadabra,https://soundcloud.com/abracadabra,None,"NY, United States",5545,1,187,31
AndrÇ 3000,https://soundcloud.com/therealandre3000benjamin,None,None,36406,0,2,1
adediablo,https://soundcloud.com/user-218452092,adeyemi adenuga,"LONDON, United Kingdom",6063,93,1436,0
Apocalyptica,https://soundcloud.com/apocalyptica,Apocalyptica,Finland,15412,0,224,1
ABSENCE,https://soundcloud.com/absencemusik,None,None,72841,165,5,0
Arash Pakzad,https://soundcloud.com/arash-pakzad,Arash Pakzad,SoundCity,2960,18,48,7
aki.mix,https://soundcloud.com/akimix,edson dj aki,"piura, Peru",3736,0,192,11
Author |Publisher| Musician|Composer |Manuscript,https://soundcloud.com/martin-kukk-gronbjerg,Martin Kukk-Gronbjerg,"Copenhagen, Denmark",146,260,1993,0
AKB48,https://soundcloud.com/akb48official,None,None,894,0,1089,0
Adeline,https://soundcloud.com/adeline,Adeline,Ibiza/Barcelona/Stockholm,24833,220,1,4
Abdulmunaim Eid,https://soundcloud.com/abdulmunaim,None,None,199,3,1414,7
bluenoterecords,https://soundcloud.com/bluenoterecords,Blue Note Records,"New York, United States",4384907,5,2,4
Big EDM Sounds,https://soundcloud.com/bigedmsounds,The Biggest EDM Sounds - Main Channel,?EDM ?Future House ?Trap ?Tropical,845747,24,174,4
BetterListen!,https://soundcloud.com/betterlisten,None,None,1116527,10,895,14
BleedingFingersMusic,https://soundcloud.com/bleeding-fingers,Bleeding Fingers,"Santa Monica, United States",4676,14,209,0
Bloomberg Opinion,https://soundcloud.com/bloombergview,Bloomberg Opinion,"New York, United States",781310,5,14,0
BookD Podcast,https://soundcloud.com/bookdpodcast,None,"London, United Kingdom",908799,37,5,2
Boyce Avenue,https://soundcloud.com/boyceavenue,Boyce Avenue,"Sarasota / Orlando, United States",212066,0,18,0
Books and Authors,https://soundcloud.com/r4booksandauthors,None,None,451714,194,6,0
Bal†zsÇk,https://soundcloud.com/balazsek,None,"Budapest, Hungary",15852,1,4234,60
BBC Persian,https://soundcloud.com/bbcpersian,BBC Persian,London,15649,0,7052,10
Burial,https://soundcloud.com/burial,None,"London, United Kingdom",129808,0,0,10
brainpicker,https://soundcloud.com/brainpicker,Maria Popova,"Brooklyn, NY, United States",238569,12,313,5
Bruno Merz,https://soundcloud.com/brunomerz,Bruno Merz,"Peterborough, Canada",743653,32,34,4
BAFTA,https://soundcloud.com/bafta,"Film, Games and Television",United Kingdom,100274,22,805,10
Background Music For Videos,https://soundcloud.com/twisterium,"Background Instrumental Music, Music For Videos, Production Music","Music For Youtube, Commercial Music",17056,25,1116,110
Bloop London Radio,https://soundcloud.com/blooplondon,None,"Holborn, London, United Kingdom",15605,97,3751,32
Beit HaTfutsot,https://soundcloud.com/beit-hatfutsot,Beit HaTfutsot,"Tel Aviv, Israel",99,0,0,32
Berlin Community Radio,https://soundcloud.com/berlincommunityradio,None,"Berlin, Germany",24361,289,1531,39
bubb.la,https://soundcloud.com/nyhetsbubbla,None,None,1420,4,8660,30
Beinsa Duno,https://soundcloud.com/hristo-vatev,Petar Danov,Bulgaria,1451,1401,9763,19
Bison 1660,https://soundcloud.com/user-744211984,None,None,974,3,9602,7
Business Radio 98.9,https://soundcloud.com/business-radio-98-9,Business Radio 98.9,"Ulaanbaatar, Mongolia",10040,0,4095,40
BBC Radio 3 Essays,https://soundcloud.com/radio3essays,None,United Kingdom,140688,194,12,40
BuzzFeed,https://soundcloud.com/buzzfeed,BuzzFeed,"New York, United States",107837,24,51,24
Books & Company,https://soundcloud.com/booksandcompany,None,None,48,3,7119,81
BradPaisley,https://soundcloud.com/bradpaisley,Brad Paisley,"Nashville, United States",135199,0,0,0
Bodega Boys,https://soundcloud.com/bodega-sushi,Bodega Sushi,"NYC, United States",44773,0,251,0
BloombergQuint,https://soundcloud.com/bloombergquint,None,"Mumbai, India",7096,0,1119,8
Background Music for Videos,https://soundcloud.com/royalty-free-music-btm,BACKGROUND MUSIC FOR VIDEOS YOUTUBE UPBEAT HAPPY CINEMATIC INSTRUMENTAL,"VLOG MEDITATION DOWNLOAD, Germany",60149,2,191,10
Bastian B,https://soundcloud.com/basitanbcardenasofficial,Bastian Cardenas,"Lima, Peru",21939,10,41,0
Beti a'i Phobol,https://soundcloud.com/beti-ai-phobol,Radio Cymru Beti a'i Phobol,London,44157,194,5,0
Bloomberg Daybreak,https://soundcloud.com/user-322211172,None,None,4487,6,34,0
BBC Media Show,https://soundcloud.com/bbc-media-show,None,None,42363,264,6,0
Bahar Soluklar?,https://soundcloud.com/baharsoluklari,Bahar Soluklar?,Freeland,515,278,7263,5
Basics of Sikhi,https://soundcloud.com/basicsofsikhi,Basics of Sikhi,None,7310,21,2653,30
Barry Morgan Show,https://soundcloud.com/barry-morgan-show,None,None,392,1,18,0
BedouinSoundclash,https://soundcloud.com/bedouinsoundclash,Bedouin Soundclash,"Toronto, Canada",92165,0,193,0
being_human,https://soundcloud.com/being_human,Being Human,"London, United Kingdom",34560,194,7,2
BOSS(Roland Corporation),https://soundcloud.com/boss-corporation,None,"Hamamatsu-city, Japan",1915,0,1517,140
Blackburn Media Inc.,https://soundcloud.com/blackburnradio-sarnia,None,"Sarnia, Canada",412,1,5273,17
BBC6Music,https://soundcloud.com/bbc6music,BBC 6Music,"London and Salford, United Kingdom",17009,205,81,3
Barry Morgan Show,https://soundcloud.com/barry-morgan-show,None,None,392,1,18,0
BandPage,https://soundcloud.com/bandpageofficial,None,"San Francisco, United States",1285,2,11,30
BBC Cultural Exchange,https://soundcloud.com/bbcr4culturalexchange,None,United Kingdom,15920,194,8,30
being_human,https://soundcloud.com/being_human,Being Human,"London, United Kingdom",34560,194,7,2
Brian's House,https://soundcloud.com/brians-house-1,Brian Haner,"Los Angeles, United States",107270,0,10,1
Background Briefing with Ian Masters,https://soundcloud.com/user-830442635,Ian Masters,"Los Angeles, CA, United States",1097,0,4175,0
brains9,https://soundcloud.com/brains9,BRAINCAST,Sao Paulo,17315,11,1,1
Black Panther B-day Party,https://soundcloud.com/black-panther-birthday-party,None,United States,392013,25,2,0
BBC Radio 4 Short Cuts,https://soundcloud.com/bbc-radio-4-short-cuts,Short Cuts,London,42034,194,6,0
Blend Mishkin / Roots Evolution,https://soundcloud.com/cast-a-blast,"Rewind Guaranteed, Cast-a-Blast, Undisputed Records, Nice Up!","Athens, Greece",512746,733,5,0
Binz Da Poet,https://soundcloud.com/binz-le,Binz Le,"Garland, United States",119414,24,41,0
BBC R4 Americana,https://soundcloud.com/bbcr4americana,None,None,32619,194,5,0
Bloger.FM,https://soundcloud.com/blogerfm,None,None,364,1,3986,0
BUILD Series,https://soundcloud.com/buildseriesnyc,BUILD Series NYC,"New York, United States",518,1,6,0
BBC Radio 1 Stories,https://soundcloud.com/radio1stories,The best bits from BBC Radio 1 Stor,"London, United Kingdom",9739,244,0,4
Bulup Admin,https://soundcloud.com/bulup-admin,Bulup Admin,None,37,0,68,53
BBC Jazz on 3,https://soundcloud.com/bbcjazzon3,None,London,6351,241,28,3
Bless U : REPOST SERVICE,https://soundcloud.com/weblessu,Repost,None,135692,0,0,0
Banda Neira,https://soundcloud.com/bandaneira,Rara Sekar dan Ananda Badudu,"Bandung, Indonesia",66503,158,20,2
betevÇ 91fm,https://soundcloud.com/beteve91fm,betevÇ 91.0 fm,"Barcelona, Spain",345,5,3864,4
Ben Fawkes,https://soundcloud.com/benfawkes,Ben Fawkes,"Berlin, Germany",9923,1985,215,20
Blue Microphones,https://soundcloud.com/bluemicrophones,Blue Microphones,Westlake Village,15984,99,566,18
Br.,https://soundcloud.com/b22r,Lie.,None,4259,0,386,0
"BLACK LIONS BEATZ | TYPE BEAT, BEATS, 2021",https://soundcloud.com/blacklbeatz,Type Beats Rap Guitar R&B Rnb HARD Freestyle Free Beat UK Drill Lofi,"Rap Trap Hip Hop Instrumental 2021, United States",85768,49,217,13
Best Playlists Ever,https://soundcloud.com/idla,IDLA Associated Labels,None,474,3,582,0
Bang The Drum Party NJ,https://soundcloud.com/jihadmuhammad,Jihad Muhammad,"Newark, United States",7939,49,375,43
??? ??? ??s??,https://soundcloud.com/blabla-music,??? s??????? ??????,??s??????,11382,179,1120,24
Buddemusic,https://soundcloud.com/buddemusicgermany,None,"Berlin, Germany",57,1,13,0
Bon FM,https://soundcloud.com/bon-fm,None,None,253,0,3535,1
B°blia Cat¢lica Online,https://soundcloud.com/bibliacatolica,B°blia Cat¢lica,Brazil,2065,6,157,15
Bolinda audio,https://soundcloud.com/bolindaaudio,None,None,263,78,2692,41
BLiSS,https://soundcloud.com/blisslive,Yonatan Marcow,"Tel Aviv, Israel",167085,36,121,12
Beatfreak Recordings,https://soundcloud.com/beatfreak-recordings,Beatfreak Recordings,Spain,10874,64,890,37
BASS ODYSSEY,https://soundcloud.com/bassodyssey,BASS ODYSSEY,"Alexandria, Jamaica",17625,10,256,37
Baby Pluto | New Patek,https://soundcloud.com/lil-uzi-vert-new-patek,None,None,32741,0,0,2
Beeld en Geluid,https://soundcloud.com/beeldengeluid,Nederlands Instituut voor Beeld en Geluid,"Hilversum, Netherlands",748,130,2591,14
bradbreeck,https://soundcloud.com/bradbreeck,brad breeck,"los angeles, United States",10712,145,439,17
Bacill ProduktionsbyrÜ,https://soundcloud.com/bacillproduktionsbyra,None,"Karlstad, Sweden",69,2,30,0
BLONDES,https://soundcloud.com/blondes,None,"Brooklyn, NY, United States",40619,27,91,6
Blues Overboard,https://soundcloud.com/bluesoverboard,The Blue Devil,"Blue Heaven, United States",5937,1,1148,152
Belivi,https://soundcloud.com/belivi,Belivi,"Caxias do Sul, Brazil",2414,0,0,0
BOSS-SikhiCamp,https://soundcloud.com/boss-sikhicamp,None,None,1947,0,1402,17
Bass Rebels,https://soundcloud.com/bassrebels,None,United Kingdom,6140,3,539,6
BBC Mundo,https://soundcloud.com/bbcmundo,BBC Mundo,"London, United Kingdom",968,194,12,1
BruceKalmick,https://soundcloud.com/user-33392614,None,None,10,5,29,0
Bevione,https://soundcloud.com/juliobevione,Julio Bevione,"New York, United States",1250,0,28,0
BBC606,https://soundcloud.com/bbc606,None,"Salford, United Kingdom",754,195,8,0
burningspearmusic,https://soundcloud.com/burningspearmusic,Winston Rodney,"New York, United States",88183,0,41,1
Blendle,https://soundcloud.com/blendle,None,None,759,0,2314,2
Beast Trap,https://soundcloud.com/beasttrap,None,"Verona, Italy",6065,12,443,0
BlapChat,https://soundcloud.com/blapchat,Blap Chat,"New York, United States",4296,38,124,1
BQ Recordings / 3xA Music,https://soundcloud.com/bqrecordings,None,"Murmansk, Russian Federation",1444,5,1614,20
Beyond Synth,https://soundcloud.com/beyond-synth,None,None,7233,139,336,12
BeatDemons,https://soundcloud.com/beatdemons,BeatDemons,None,8402,0,440,7
bedroom suck records,https://soundcloud.com/bedroomsuckrecords,None,"Melbourne, Australia",5139,74,212,11
Beacon of Light Radio,https://soundcloud.com/bolradio,Beacon of Light Radio,None,428,1,1812,0
BusseltonOralHistoryGroup,https://soundcloud.com/user-211102606-633834252,Busselton Oral History Group,"Busselton, Australia",214,0,24,70
Black Turtle Records,https://soundcloud.com/black-turtle-records,Black Turtle Records,"Madrid, Spain",1405,889,1806,0
brunilde27,https://soundcloud.com/user-303344796,None,None,136,0,1440,0
BeatDemons,https://soundcloud.com/beatdemons,BeatDemons,None,8402,0,440,7
bedroom suck records,https://soundcloud.com/bedroomsuckrecords,None,"Melbourne, Australia",5139,74,212,11
Beacon of Light Radio,https://soundcloud.com/bolradio,Beacon of Light Radio,None,428,1,1812,13
BusseltonOralHistoryGroup,https://soundcloud.com/user-211102606-633834252,Busselton Oral History Group,"Busselton, Australia",214,0,24,112
BrÅder Grimm,https://soundcloud.com/brudergrimm-music,None,None,6,0,2175,0
Black Turtle Records,https://soundcloud.com/black-turtle-records,Black Turtle Records,"Madrid, Spain",1405,889,1806,10
brunilde27,https://soundcloud.com/user-303344796,None,None,136,0,1440,0
Buzz Burbank,https://soundcloud.com/buzzburbank,Michael Elston,"Fairfax, United States",541,3,1503,3
Bobby Vee,https://soundcloud.com/bobby-vee-official,None,None,137,0,1873,0
Bill Whittle Network,https://soundcloud.com/billwhittle,Bill Whittle,United States,913,2,1719,8
CNN en Espa§ol,https://soundcloud.com/cnnee,CNN en Espa§ol,Atlanta,7148,53,32778,30
ChristinaAguileraOfficial,https://soundcloud.com/xoxtina,Christina Aguilera,"Pensylvania , Japan",222041,0,0,0
CNN,https://soundcloud.com/cnn,CNN,"Atlanta, United States",141392,77,67,85
Cloud Control,https://soundcloud.com/cloud-control,Cloud Control,"London, United Kingdom",679590,17,92,0
Coast And Country,https://soundcloud.com/bbcr4coastandcountry,None,None,515567,194,7,0
Chips with Everything,https://soundcloud.com/guardianchips,The Guardian,None,513193,11,9,3
CADENA COPE,https://soundcloud.com/cadenacope,COPE,"Madrid, Spain",57617,68,30,50
Columbia University,https://soundcloud.com/columbia,Columbia University,"New York, United States",182656,0,0,0
Check-a-Bitch Beats,https://soundcloud.com/check-a-bitch-beats,Check-a-Bitch Beats,None,515,15,10477,0
Car Talk,https://soundcloud.com/cartalk,None,None,117688,0,31,0
CharlotteChurch,https://soundcloud.com/charlottechurch,None,United Kingdom,443450,0,1,1
Comics On Comics,https://soundcloud.com/comicsoncomics,Juan Manuel Rocha Vito Lapiccola,"Los Angeles, CA, United States",237467,1,3,0
Charlie Murphy Presents,https://soundcloud.com/charlie-murphy-presents,Charlie Murphy,"New York, United States",578758,22,21,0
Clube i,https://soundcloud.com/clubei,Clube i,"S?o Jo?o Batista, Brazil",221,8,14,550
Carolina Reign,https://soundcloud.com/kwame-gunn,Kwame Gunn,"Greenvile South Carolina, United States",61003,1926,87,0
CHELSEARONQS,https://soundcloud.com/chelsearonqs,Chelsea Ronquillo,Philippines,78176,177,48,1
COLIN HYPE,https://soundcloud.com/colinhype,None,None,6734,52,652,1
Ca nh?c Vi?t Nam c?,https://soundcloud.com/nhatbun91,None,None,2674,7,34,384
Cleaning House,https://soundcloud.com/realhousemaids,Real Housemaids,"Manhattan, NY, United States",576003,12,2,0
CBS News Radio,https://soundcloud.com/cbs-news-radio,CBS News Radio,"New York, United States",48856,9,102,7
CBS News Radio,https://soundcloud.com/cbs-news-radio,CBS News Radio,"New York, United States",48856,9,102,7
CongueroRD,https://soundcloud.com/conguerord,None,"Bronx, United States",4325,153,51,7
COPE Pe§aranda,https://soundcloud.com/cope-pe-aranda-2,COPE Pe§aranda,None,314,0,12,0
Cape Town Muslim Events,https://soundcloud.com/mrshamiel77,The Deen Store The Knowledge Zone,"Cape Town, South Africa",4973,29,1813,69
Classical KING FM,https://soundcloud.com/classicalkingfm,Classical KING FM,Seattle,6264,48,0,45
CBS Sports Podcasts,https://soundcloud.com/cbssportspodcasts,None,None,3425,0,3,45
Cypress_Hill,https://soundcloud.com/chxrsk,Cypress Hill,"Los Angeles, CA., United States",66023,0,12,0
cleanfeedmedia,https://soundcloud.com/cleanfeedmedia,None,London,108,33,37,62
CinemaSins,https://soundcloud.com/cinemasins,None,None,11451,2,591,0
ComitÇ de Grabaciones,https://soundcloud.com/comit-de-grabaciones,AngÇlica Mtz Acu§a,"MÇxico DF, Mexico",612,43,0,1
citrusonicpromo,https://soundcloud.com/citrusonic-1,Citrusonic Promo,"Los Angeles, CA, United States",1114,117,1,0
cheerleading-music-mix,https://soundcloud.com/cheerleading-music-mix,Cheerleading-Music Mix.com,United States,7525,16,13,8
CanZion Group LP,https://soundcloud.com/canzion,None,"Houston, United States",8510,6,1052,14
CubanFlow.com,https://soundcloud.com/cubanflow-com,None,"Pembroke Pines, United States",899,8,0,14
Christian Gerhaher,https://soundcloud.com/christian-gerhaher,Christian Gerhaher,Germany,31584,0,74,0
CafÇ del Mar,https://soundcloud.com/cafedelmarmusic,CafÇdelMar Ibiza,"Ibiza, Spain",100988,0,90,2
Cloud Nine Records,https://soundcloud.com/cloudnine_records,None,"Melbourne, Australia",133213,106,195,0
Chrome Mastering,https://soundcloud.com/chromemastering,House & Techno specialists,Manchester,1900,889,0,2
Conway Twitty,https://soundcloud.com/conwaytwittyofficial,None,None,2201,0,2171,0
Compass Records Group,https://soundcloud.com/compass-records,Compass Records,"Nashville, TN, United States",2479,1,505,37
Chrome Mastering,https://soundcloud.com/chromemastering,House & Techno specialists,Manchester,1900,889,0,9
Conway Twitty,https://soundcloud.com/conwaytwittyofficial,None,None,2201,0,2171,9
Compass Records Group,https://soundcloud.com/compass-records,Compass Records,"Nashville, TN, United States",2479,1,505,37
Cuartero,https://soundcloud.com/cuartero,Cuartero,"M†laga, Spain",61733,48,43,6
Casting Crowns,https://soundcloud.com/castingcrowns,None,"Nashville, United States",17882,0,360,0
Candido Fernandez,https://soundcloud.com/user-328491207-395314624,None,None,78,0,3039,40
Chill Tracks,https://soundcloud.com/fresh_edm,AIA - Artist Intelligence Agency,United States,163608,23,0,0
Coffee Ramblings,https://soundcloud.com/coffeeramblings,Eric Lampaert & Dr. Jack De Havas,"London, United Kingdom",381826,13,4,0
Corte Interamericana de Derechos Humanos,https://soundcloud.com/corteidh,Corte IDH,"San JosÇ, Costa Rica",608,1,2308,0
Cantora,https://soundcloud.com/cantorarecords,Cantora,"NYC, United States",32351,63,75,2
Cosmos Music,https://soundcloud.com/cosmosmusic,None,"Stockholm, Sweden",2735,95,227,18
contraportadaradio,https://soundcloud.com/user61640992,None,None,229,2,9,0
CERTIFIED,https://soundcloud.com/certifiedjackin,None,UNITED KINGDOM,74275,1999,305,289
CBC Edmonton,https://soundcloud.com/cbc-edmonton,None,"Edmonton, Canada",392,0,24,26
Carnegie Endowment Events,https://soundcloud.com/carnegie-endowment,None,United States,880,3,1927,100
Caskey407,https://soundcloud.com/caskey407,Caskey,"Orlando, United States",31594,12,63,3
Capital Digest,https://soundcloud.com/capitaldigest,None,"Washington, DC, United States",75153,18,18,1
Crummey Show,https://soundcloud.com/crummey-show,Joe Crummey,"New York/Los Angeles, United States",30131,9,27,0
Casa de Oraci¢n Houston - Oficial,https://soundcloud.com/casadeoracionhoustontexas,Pastor David Guevara,"Houston, Texas, United States",1032,4,1727,50
cupid,https://soundcloud.com/905cupid,None,905,13027,347,27,3
Chat With Traders,https://soundcloud.com/chat-with-traders,Aaron Fifield,Australia,11985,9,226,0
castor,https://soundcloud.com/user-944362318,None,None,0,0,0,0
College,https://soundcloud.com/user-518988329,None,None,0,0,0,0
Club 44,https://soundcloud.com/club-44,None,La Chaux-de-Fonds,1254,0,2252,0
Cuartero,https://soundcloud.com/cuartero,Cuartero,"M†laga, Spain",61733,48,43,6
Cool Kitty,https://soundcloud.com/cool-kitty-repost,Repost ? Promotion ? Trap ? Hip-Hop ? Beats ? EDM ? Techno ? House,Earth,82611,1961,1,6
Concrete Jungle Kirtan,https://soundcloud.com/concretejunglekirtan,None,"NYC, United States",3860,19,981,9
Crossroads Label Group,https://soundcloud.com/crossroads-label-group,Crossroads Label Group,"Asheville, United States",636,11,2160,5
Chill Tracks,https://soundcloud.com/fresh_edm,AIA - Artist Intelligence Agency,United States,163608,23,0,0
Cosmos Music,https://soundcloud.com/cosmosmusic,None,"Stockholm, Sweden",2735,95,227,5
Chakra Healing Music Academy,https://soundcloud.com/chakrahealingmusicacademy,None,None,816,0,2633,0
CMG,https://soundcloud.com/user-957563399,None,None,128,0,0,0
Calm Music Zone,https://soundcloud.com/calmmusiczone,None,None,188,0,2891,0
CJSW Radio,https://soundcloud.com/cjsw,CJSW Radio,"Calgary, Canada",927,203,2448,65
Carlos Gardel,https://soundcloud.com/carlos-gardel-official,None,None,563,0,2775,0
compassheart,https://soundcloud.com/compassheart,None,"Orange County, United States",321,2,2024,7
CGBC online ??????? | ??,https://soundcloud.com/cgbconline,????????? CGBC Online,"Toronto, ON, Canada",159,0,2865,20
cupitaly,https://soundcloud.com/user-20537036,None,None,128,0,1045,0
clevelandlivemusic,https://soundcloud.com/kctaper,Kenneth Dixon,"Chagrin Falls, United States",503,158,2314,70
Carhartt Work in Progress,https://soundcloud.com/carharttwip,None,None,22789,0,179,1
Castle Super Beast,https://soundcloud.com/castlesuperbeast,Castle Super Beast,"Montreal, Canada",8698,0,196,0
Cruzo,https://soundcloud.com/cruzomusic,Jonathan da Cruz,"Stockholm, Sweden",8899,0,1,0
Compass Media Networks,https://soundcloud.com/compass-media,None,None,747,4,1642,17
CASBAH RECORDS / Rock Ö la Casbah Radio Show,https://soundcloud.com/rockalacasbah,Radio Show,Valence,2094,1879,1550,18
Conduit News with Paul Harrell,https://soundcloud.com/paulharrell1776,None,None,272,0,3,0
Carlos El Negro Mantilla,https://soundcloud.com/negromantilla,Carlos Mantilla,"Santander, Colombia",136,31,2180,24
Christian Lundberg Music,https://soundcloud.com/media-music-source,Christian Lundberg,"Marina Del Rey, United States",168,1,1,0
cakkanuraga,https://soundcloud.com/cakkanuraga,Cakka Nuraga,"Yogyakarta, Indonesia",21993,35,24,1
Cultura ProfÇtica,https://soundcloud.com/culturaprofetica,Cultura ProfÇtica,"San Juan, Puerto Rico",61087,3,86,2
Chayanne,https://soundcloud.com/chayanne-official,None,None,8504,0,262,0
Calm Piano Music,https://soundcloud.com/calmpianomusic,None,None,13,0,1944,0
Chris Walker Presents The Innerwealth Podcast,https://soundcloud.com/chriswalker_iw,Christopher Walker,"Sydney, Australia",216,0,1903,5
Children's Museum of the Arts,https://soundcloud.com/cma_sound,None,"New York City, United States",257,1,1681,12
Carlos Vives,https://soundcloud.com/carlos-vives-official,None,None,8681,0,300,12
CLR (Official),https://soundcloud.com/clr,Create Learn Repeat,"Frankfurt, Germany",48224,41,4,2
Cantor Sergei Schwartz,https://soundcloud.com/user-987031753,None,None,172,0,1782,82
Conjunto Primavera,https://soundcloud.com/conjunto-primavera-official,None,None,4228,0,721,0
CLUB_HARLEM,https://soundcloud.com/club_harlem,None,"TOKYO, Japan",7109,157,195,0
CAIXA Not°cias,https://soundcloud.com/caixanoticias,CAIXA Not°cias,"Bras°lia, Brazil",262,19,89,3
Church,https://soundcloud.com/churchuk,None,s.e london,22195,368,153,23
CrashAvenue,https://soundcloud.com/crashave,Crash Avenue Media & Management,"Louisville, United States",2847,2,10,19
Calming Music Sanctuary,https://soundcloud.com/calmingmusicsanctuary,None,None,290,0,1788,0
CAIXA Not°cias,https://soundcloud.com/caixanoticias,CAIXA Not°cias,"Bras°lia, Brazil",262,19,89,3
CISN Country,https://soundcloud.com/cisncountry,CISN Country,"Edmonton, Canada",1773,0,24,8
Capital 95.8FM,https://soundcloud.com/capital958,Capital 95.8FM,"Singapore, Singapore",364,1,23,30
Consultando,https://soundcloud.com/consultandoconanasimo,Consultando,"Santo Domingo, Dominican Republic",983,0,4,12
carbonbasedlifeforms,https://soundcloud.com/carbonbasedlifeforms,None,"Gîteborg, Sweden",24253,2,87,0
CafeNaderi,https://soundcloud.com/lmmortals,Cafe Naderi,"Tehran, Islamic Republic of Iran",385,0,0,7
chriscornell,https://soundcloud.com/chriscornell,Chris Cornell,"Seattle, United States",8440,0,0,0
ClassicRock981,https://soundcloud.com/classicrock981,Classic Rock,"London, Canada",2742,5,1069,0
DerpyNight,https://soundcloud.com/derpynight,Cunt Puncher,United Arab Emirates,131,9,0,0
Dynasty Haiti,https://soundcloud.com/dynastyhaiti,Dynasty Haiti,"FL, United States",15055,2,46,22
"Documentary On One, RTê",https://soundcloud.com/doc-on-one,RTê Radio 1,"Dublin, Ireland",778005,0,0,0
Dream Crusher Media,https://soundcloud.com/dream-crusher-media,Dream Crusher,Calgary,166716,437,187,9
Design Matters,https://soundcloud.com/designmatters,Debbie Millman,"New York City, United States",142161,7,536,2
Democracy Now!,https://soundcloud.com/democracynow,Democracy Now! Productions,"New York, NY, United States",35427,1,6835,0
Dimanche FR,https://soundcloud.com/dimanchefr,None,None,39,0,12091,0
Danny T Baylor,https://soundcloud.com/dannytbaylor,Danny Baylor,None,668,1,0,0
Dominikanie S?u?ew,https://soundcloud.com/dominikanie_sluzew,Dominikanie Warszawa-S?u?ew,"Warszawa, Poland",1570,4,7313,10
DrSmith,https://soundcloud.com/drsmith-1,None,None,339,0,303,0
dangerouslyunprepared,https://soundcloud.com/dangerouslyunprepared,None,None,415660,0,146,0
Damon Albarn Official,https://soundcloud.com/damonalbarn,Damon Albarn,London,93689,0,96,0
DJ??Remix,https://soundcloud.com/knvoxkorp4wu,? ?,"???, Taiwan, Province of China",9863,180,1326,0
delirious music,https://soundcloud.com/dj-el-topo-1,El Topo,None,5780,39,3206,0
Ditto Music,https://soundcloud.com/user-592753169,None,None,115,54,87,1
DidgeridooBreath,https://soundcloud.com/didgeridoobreath,Didgeridoo Breath,"Fremantle, Australia",1779,1,7345,4
DJ Negro LMP,https://soundcloud.com/dj-negro-lmp,Belmi Peguero,"Orlando Florida, United States",26060,29,808,4
Desert Island Discs 00-05,https://soundcloud.com/desert-island-discs-00,Desert Island Discs 00-05,"BBC, United Kingdom",35364,202,4,0
Dear Hank & John,https://soundcloud.com/dearhankandjohn,Hank and John Green,None,29424,4,311,0
De Correspondent,https://soundcloud.com/de-correspondent,De Correspondent,None,8748,5,909,4
dhme,https://soundcloud.com/dhme-7,dhme,None,7377,132,1365,20
Di†rio FM Macap†,https://soundcloud.com/diariofmmacapa,Di†rio FM,"Macap†, Brazil",93,78,6185,20
DawgNation Daily,https://soundcloud.com/dawgnation-daily,None,None,4716,0,1545,20
Daniel Defoe,https://soundcloud.com/daniel-defoe-official,None,None,47,0,5530,0
DIVE Studios,https://soundcloud.com/divestudios,None,None,23696,0,3,14
Desansiedad,https://soundcloud.com/desansiedad,Fabiola Cuevas,Mexico,11756,8,170,0
djmixes,https://soundcloud.com/djmixes,None,"London, UK.",21435,165,2,0
Disfruta Escuchando,https://soundcloud.com/6j86-producciones,Floralicia Anzola,None,854,28,3636,0
Digital Entertainment World,https://soundcloud.com/digital-world-179385390,Digital World,"Karachi, Pakistan",1919,345,1907,0
DYNASTY PODCASTS,https://soundcloud.com/dynastypodcasts,Dynasty Podcasts,"Chicago, United States",48072,785,902,25
Dragich,https://soundcloud.com/dragich,Michael Dragich,"Detroit, United States",160,16,15,3
Deen Islam,https://soundcloud.com/deeneislam,Deen Islam,"Lahore, Pakistan",166,1,4256,10
David Feldman Show,https://soundcloud.com/davidfeldmanshow,David Feldman,"Los Angeles, United States",36445,25,2053,1
Dj System ID,https://soundcloud.com/djsystemid,Alex Garcia,"San Salvador , El Salvador",10753,1,483,31
DJ RD,https://soundcloud.com/djrdoficial,DJ RD,"Rio de Janeiro, Brazil",20007,519,518,0
Diljit Singh Dosanjh,https://soundcloud.com/diljit-singh-dosanjh,Diljit Singh Dosanjh,None,31927,0,0,0
Dalel Almadeheen | ???? ???????? ????????,https://soundcloud.com/dalelalmadeheen,None,"Vienna, Austria",4307,1,28,23
David Robidoux,https://soundcloud.com/robidoux3,None,"US, United States",196,0,0,23
Dj SWEET Salsa DAVID GUADALUPE,https://soundcloud.com/davidguadalupeestrada,David GuadalupeEstrada,"Arecibo, Puerto Rico",1732,212,1934,62
DJ Neey,https://soundcloud.com/djneey,Neythan AgÅero,"Ica, Peru",27404,38,69,3
DJ Cris Fontedofunk Apresenta,https://soundcloud.com/crisfontedofunk,None,"S?o Paulo, Brazil",33488,488,786,19
DJ RD,https://soundcloud.com/djrdoficial,DJ RD,"Rio de Janeiro, Brazil",20007,519,518,19
Diljit Singh Dosanjh,https://soundcloud.com/diljit-singh-dosanjh,Diljit Singh Dosanjh,None,31927,0,0,0
Dalel Almadeheen | ???? ???????? ????????,https://soundcloud.com/dalelalmadeheen,None,"Vienna, Austria",4307,1,28,23
Desired Noise,https://soundcloud.com/raymondpittman,Raymond P,"Gulfport, United States",23426,2,2,23
David Robidoux,https://soundcloud.com/robidoux3,None,"US, United States",196,0,0,23
Dj SWEET Salsa DAVID GUADALUPE,https://soundcloud.com/davidguadalupeestrada,David GuadalupeEstrada,"Arecibo, Puerto Rico",1732,212,1934,50
DJ Neey,https://soundcloud.com/djneey,Neythan AgÅero,"Ica, Peru",27404,38,69,3
Dave McKeown,https://soundcloud.com/dave-mckeown,Dave McKeown Sax Clarinet Flute Melodica Whistle,"Jazz, Folk, Acoustic, Classical, Ex, United Kingdom",310933,483,89,3
Democracy Now! en Espa§ol,https://soundcloud.com/democracynowes,El informativo de guerra y paz,"Nueva York, United States",1382,30,3415,6
Dr. Yosry Gabr ?. ???? ???,https://soundcloud.com/dryosrygabr,DrYosryGabr,"cairo, Egypt",5860,0,1181,30
djzsalem,https://soundcloud.com/djzsalem,Officiel,"dubai, United Arab Emirates",20118,4,233,30
djfranckroger,https://soundcloud.com/djfranckroger,Franck Roger,"St Ouen, France",25713,119,226,15
DJ Grumble,https://soundcloud.com/gbeats,Dr. Grumble,"Boston, United States",33674,39,437,15
Daniel James - HybridTwo,https://soundcloud.com/hybridtwo,Daniel James,"London, United Kingdom",9830,28,105,1
Don Camillo,https://soundcloud.com/proddoncamillo,None,Austria,4636,3,910,1
DJ DOTCOM (MIXTAPE GENIUS),https://soundcloud.com/djdotcom1876,DJ DOTCOM MUSIC (D.D.M),"kgn, Jamaica",12279,1,406,19
dp audiobook,https://soundcloud.com/user-766083766,None,None,110,0,0,0
Decibel Magazine,https://soundcloud.com/decibelmagazine,Decibel Magazine,"Philadelphia, United States",6698,9,159,11
D Ninja Productions,https://soundcloud.com/dninjaproductions,@dninjaproductions,Trinidad And Tobago,6131,28,321,11
Dewarpr,https://soundcloud.com/dewarpr-1,None,None,76,0,129,5
DJ Rap,https://soundcloud.com/djrap,charissa saverio,"London, United Kingdom",27392,1,179,4
Daniel Defoe,https://soundcloud.com/danieldefoe-music,None,None,8,0,3209,4
Desert Island Discs 71-75,https://soundcloud.com/desert-island-discs-75,Desert Island Discs 71-75,"London, United Kingdom",451,247,8,4
DUD,https://soundcloud.com/jamia-waqf,jamia waqf,None,51,0,0,0
Day6,https://soundcloud.com/day6-official,None,None,42372,0,91,0
Drop Central ??,https://soundcloud.com/dropcentral,Dubstep / Trap / EDM / Future,WORLDWIDE,67819,12,264,0
Don Goliath,https://soundcloud.com/dubstepdivisionrecordings,None,"Berlin, Germany",10993,2,1437,9
Discovery Music Records,https://soundcloud.com/discoverymusicrecords,Discovery Music / Discovery Deep / Discovery Young / DCFM,"Califonia, United States",3764,8,994,40
DJ Leakz Mashups,https://soundcloud.com/dj-leakz-mashups,DJ Leakz,None,12838,8,1,0
De Hofnar,https://soundcloud.com/de-hofnar,Jeroen Maas,"Tilburg, Netherlands",96902,541,56,0
Dogter van Sion,https://soundcloud.com/user-743780714,None,None,217,0,2679,10
Donegal Sports Talk,https://soundcloud.com/donegalsportstalk,DonegalSportsTalk,Donegal,632,1,36,0
DJ Junky,https://soundcloud.com/dj_junky,DJ Junky,"Houston, United States",9565,2000,595,58
djecozinho,https://soundcloud.com/djecozinho,Dj Ecozinho,"Frankfurt, Germany",7898,636,529,0
DJ CK,https://soundcloud.com/1djck,DJ CK Oficial,"S?o Paulo, Brazil",13162,5,328,0
DJ JOAN,https://soundcloud.com/djjoanltp,EL 5TO ELEMENTO,"New Jersey, United States",5534,28,10,6
DJ651 (KutManKrew),https://soundcloud.com/651-flipemall,Eki Tuala,"WEST Auckland, New Zealand",75111,243,44,6
DJMorenoAPP,https://soundcloud.com/djmorenoapp,DJ MORENO APP,"BRONX, United States",6772,13,418,6
Dante Gebel Oficial,https://soundcloud.com/user-581766108,Dante Gebel,None,6780,0,323,3
DJ Junky,https://soundcloud.com/dj_junky,DJ Junky,"Houston, United States",9565,2000,595,68
djecozinho,https://soundcloud.com/djecozinho,Dj Ecozinho,"Frankfurt, Germany",7898,636,529,0
DJ CK,https://soundcloud.com/1djck,DJ CK Oficial,"S?o Paulo, Brazil",13162,5,328,0
DJ JOAN,https://soundcloud.com/djjoanltp,EL 5TO ELEMENTO,"New Jersey, United States",5534,28,10,6
DJ651 (KutManKrew),https://soundcloud.com/651-flipemall,Eki Tuala,"WEST Auckland, New Zealand",75111,243,44,0
DJMorenoAPP,https://soundcloud.com/djmorenoapp,DJ MORENO APP,"BRONX, United States",6772,13,418,17
Deceive,https://soundcloud.com/deceivehiphop,None,None,8141,11,7,0
DotComSecrets,https://soundcloud.com/successetc,Russell Brunson,"Boise, United States",1958,0,1509,5
DonBestSports,https://soundcloud.com/donbestsports,Don Best,"Las Vegas, United States",440,6,2571,0
DMoney718,https://soundcloud.com/oney718,None,None,97,45,1,0
Desafiando o amanh? - Unisinos,https://soundcloud.com/unisinos,Unisinos,"S?o Leopoldo, Brazil",574,0,2207,8
Daria HANSON,https://soundcloud.com/dariahanson,Daria HANSON,"Vancouver, Canada",2012,8,324,11
Donvito Roundtable,https://soundcloud.com/tsn1290roundtable,TSN 1290 Winnipeg,None,260,5,1,1
Discover the Word,https://soundcloud.com/discovertheword,None,None,417,4,1647,18
dwarozh,https://soundcloud.com/dwarozh,None,None,185,1,5,2
dj caluda,https://soundcloud.com/djcaluda,David Huerta,"New York , United States",1557,71,1910,10
Dj tiesto,https://soundcloud.com/dj-tiesto,[???T??][???I??][???E??][???S??][?,"Istanbul, Turkey",39908,1,3,0
Daniel LeBlanc,https://soundcloud.com/danielleblanc-music,None,None,12,0,2442,0
DEKONSTRUKTIV KRITIK,https://soundcloud.com/aronflam,ARON FLAM,"Stockholm, Sweden",5282,26,209,0
Da Vinci Educativo,https://soundcloud.com/da-vinci-educativo,Da Vinci Educativo,None,27,0,411,4
Drewcast,https://soundcloud.com/drewcast,Mike Wolters,"Franklin, United States",3698,0,0,4
Daily Hukamnama Sahib,https://soundcloud.com/listen-gurbani,Listen Gurbani,"Chandigarh, India",2251,0,6,4
DRMNZ,https://soundcloud.com/drmnz-1,None,None,72,117,1,4
Diwon,https://soundcloud.com/diwon,Erez Safar,"Los Angeles, United States",44096,46,12,11
Dust-to-Digital,https://soundcloud.com/dusttodigital,Dust-to-Digital,"Atlanta, United States",4733,0,64,10
DAXSEN,https://soundcloud.com/sirdaxsen,David Xavier Sanchez (Daxsen Media Group) Multi-Platinum,"NYC, United States or Gye, Ecuador, United States",79179,1991,38,10
Deep House Tracks,https://soundcloud.com/deephousetracks,Davide Nardini,"Prato, Italy",42343,1,3,0
DOM KENNEDY,https://soundcloud.com/theoriginaldomkennedy,None,"Los Angeles, United States",109460,1,21,0
DudeGrows,https://soundcloud.com/dudegrows,Dude Grows,"Denver, United States",472,1,5,0
Discobody,https://soundcloud.com/deej-valavanis,John O. Disc.O,"Discopolis, Greece",7345,12,15,0
EDpuzzle,https://soundcloud.com/edpuzzle,None,None,238,0,0,0
EWTN Catholic Radio,https://soundcloud.com/ewtn-radio,EWTN Radio,Irondale,3491,14,14376,30
ESPN Louisville,https://soundcloud.com/user-204761944,None,None,798,0,14745,0
esRadio Castilla y Leon,https://soundcloud.com/user-617417303,esRadio Castilla y Leon,Valladolid,408,0,12779,0
Edgar Wallace,https://soundcloud.com/edgarwallaceofficial,None,None,41,0,13075,0
edition a HîrbÅcher,https://soundcloud.com/editionahorbucher,None,None,21,0,11883,0
euroradiofm,https://soundcloud.com/euroradiofm,Euroradio,"Minsk, Belarus",852,330,8843,42
Esperanza Colombia Radio,https://soundcloud.com/esperanzacolombiaradio,Esperanza Radio Colombia,"Medell°n, Colombia",742,7,7531,19
ekidigitala,https://soundcloud.com/ekidigitala-1,None,None,119,0,6793,2
EDM Stream,https://soundcloud.com/edm-stream,#StaySafe,None,170076,1966,10,1
Ehrling,https://soundcloud.com/ehrling,Ehrling,"Stockholm, Sweden",96369,189,42,1
ElBachaRengue.Net,https://soundcloud.com/elbacharengue,ElbachaRengue Net,"New York, United States",6832,2,46,9
Edu soft,https://soundcloud.com/edu-soft,Edu soft,None,72,1,5945,42
Energy Schweiz AG,https://soundcloud.com/user-832948537,None,None,397,0,5809,9
English Pro.,https://soundcloud.com/ejqmz8vx5wh0,????? ??????,None,49,0,0,1
EDE FM,https://soundcloud.com/edefm,Stichting Omroep Ede,"Ede, Netherlands",252,12,4915,70
euradio,https://soundcloud.com/euradio-fr,Animons l'Europe !,France,274,13,4818,9
Edita Oppiminen,https://soundcloud.com/editaoppiminen,None,None,330,0,3404,0
eTown,https://soundcloud.com/etown-3,None,"Boulder, United States",814,7,2569,8
EFD TOKYO JAPAN,https://soundcloud.com/efd-tokyo,Energy Flash,"???, Japan",13257,0,768,46
Everything Sounds,https://soundcloud.com/everythingsounds,Everything Sounds,"Dayton/NYC, United States",474881,120,65,46
El Explicador,https://soundcloud.com/el-explicador,None,MÇxico D.F.,2850,0,875,21
EE,https://soundcloud.com/elephantseverywhere,None,"Los Angeles, United States",267,36,39,21
earbro,https://soundcloud.com/earbrosound,sound earbro,None,343,63,3939,0
Expresso,https://soundcloud.com/jornal_expresso,Jornal Expresso,"Lisboa, Portugal",2921,0,1780,39
Edinburgh Festival Fringe,https://soundcloud.com/edfringe,Edinburgh Festival Fringe,Edinburgh,315560,1,4,39
ENTER.Official,https://soundcloud.com/enterofficial,None,Ibiza / International,91535,18,122,12
ELEVATE,https://soundcloud.com/elevate-6,ELEVATE,Spain,15073,2,510,29
El Reto de Hoy,https://soundcloud.com/el-reto-de-hoy,Julio Contreras,"San Salvador, El Salvador, El Salvador",2143,2,1759,180
EDMR.TV,https://soundcloud.com/edmrepoststv,edmreposts.com,None,84039,1153,131,5
ESO,https://soundcloud.com/esocollective,None,"Chicago, United States",81,14,41,5
EPM,https://soundcloud.com/epmradio,None,None,202,0,3249,0
ESPN1420,https://soundcloud.com/user-276921905-596718291,None,None,399,69,5,0
Ege Cinel,https://soundcloud.com/ege-cinel,Ege Cinel,None,24861,7,0,0
elshowdeandres,https://soundcloud.com/elshowdeandres,Andres Gutierrez,None,2266,1,1697,0
Ewan Pearson,https://soundcloud.com/ewan-pearson,Ewan Pearson,London,37844,15,9,0
Estaci¢n K2,https://soundcloud.com/estacionk2,Estaci¢n K2,"Necochea, Argentina",301,6,9,3
Euranet Plus DE,https://soundcloud.com/euranetplusde,None,None,154,1,3178,3
EDMLead Team,https://soundcloud.com/edmlead-team,? Tomorrowland ? EDM ? Unsigned ? Repost ? Future House ?,"Leeds, United Kingdom",126777,1016,0,1
E SENS,https://soundcloud.com/esensofficial,None,None,67467,10,14,1
EDC Kuwait,https://soundcloud.com/edckwt,EDC Kuwait,"Kuwait, Kuwait",47,0,3037,20
EDMLead Team,https://soundcloud.com/edmlead-team,? Tomorrowland ? EDM ? Unsigned ? Repost ? Future House ?,"Leeds, United Kingdom",126777,1016,0,1
Eddy Arnold,https://soundcloud.com/eddy-arnold-official,None,None,104,0,2810,1
EDMLead's EDM Picks,https://soundcloud.com/edmlead-edm,? Tomorrowland ? EDM ? Deep House ? Unsigned ? Repost ?,"Leeds, United Kingdom",116078,2,31,0
edmtv8,https://soundcloud.com/edmtv8,None,None,3349,0,3,0
eisenwaren,https://soundcloud.com/eisenwaren,None,"DÅsseldorf, Germany",2518,117,1444,29
Embassy of Music,https://soundcloud.com/embassyofmusic,None,"Berlin, Germany",210,56,8,29
Eineweltsong Song Contest,https://soundcloud.com/eineweltsong,None,Germany,316,0,1353,10
Eonity Mixes,https://soundcloud.com/eonitymixes,None,We deliver emotions ?,41481,9,40,0
Engineering Samples,https://soundcloud.com/engineeringsamples,None,Germany,6017,130,496,8
ESPN Harrisonburg,https://soundcloud.com/espn-harrisonburg,None,None,271,0,2833,8
ethno.by,https://soundcloud.com/ethnoby,#??????? - ????????? ?? ?????????? ? ?????,Belarus,213,24,272,0
ErfÅllteSehnsucht,https://soundcloud.com/erfuelltesehnsucht,None,"Bregenz, Austria",178,3,2351,15
Envy Music Group #EnvyMG,https://soundcloud.com/envymg,"$pata Envy, Yung Hank, Basta, Vonn C.Fre$h, E. Money, Kongg, Perfect T","Long Island, New York",7050,43,13,15
elmetrosalsero.com,https://soundcloud.com/dj-sidbueno,Sid Bueno,"New York, United States",2579,1,43,4
Erzbistum Bamberg,https://soundcloud.com/erzbistum-bamberg,Erzbistum Bamberg,"Bamberg, Germany",340,10,2787,10
EDM Sauce Records,https://soundcloud.com/edmsaucerecords,None,None,10909,0,155,4
Evangelizaá?o de Esp°ritos: Reflex?es,https://soundcloud.com/reflexoes,Evangelizaá?o de Esp°ritos Reflex?es,Brazil,933,0,1305,7
Elemeno Collective *,https://soundcloud.com/elemenocollective,Elemeno Collective (LMNO),Toronto,57045,7,14,3
Euphoric Wave,https://soundcloud.com/euphoricwave,www.euphoricwave.com,None,14511,9,26,3
El Rancho Deluxe,https://soundcloud.com/elranchodeluxe,Kevin Dremel,"Keene, NH, United States",221,31,15,0
Ekonovah,https://soundcloud.com/ekonovah,None,"Phoenix, AZ",17393,712,6,0
English Access,https://soundcloud.com/englishaccess,Ricky Chan,None,296,5,0,0
E.T.A. Hoffmann,https://soundcloud.com/etahoffmann,None,None,4,0,1494,0
eatdatcake,https://soundcloud.com/eatdatcake-1,None,None,38811,19,0,2
EPIGR?FF',https://soundcloud.com/epigraff,ELECTRONIC CULT.,"Zhytomyr, Ukraine",27401,20,73,0
Enrique Santos Radio,https://soundcloud.com/enrique-santos-radio,Enrique Santos,"Miami, United States",3233,14,29,0
Electro House @ EDM Joy,https://soundcloud.com/electro-house-edmjoy,Electro House ? Big Room ? Repost ?,Worldwide,65796,13,5,0
Erik Hassle,https://soundcloud.com/erikhassle,Erik Hassle,"Stockholm, Sweden",14935,77,72,3
ESP Sound Systems,https://soundcloud.com/paul-duffley,Paul Duffley,"Boston, United States",149,45,946,49
EXPLORE,https://soundcloud.com/beatsbyexplore,THE WORLD,None,23681,946,85,49
ECSTASY,https://soundcloud.com/ecstasytheband,Ecstasy,England,44411,0,9,1
Energia 97 FM,https://soundcloud.com/energia97fm,Energia 97 FM,"S?o Paulo, Brazil",5042,36,5,5
EMIClassicsUS,https://soundcloud.com/emiclassicsus,EMI Classics US,"New York, United States",7388,0,0,0
Elee Bermudez,https://soundcloud.com/eleebermudezofficial,Elee Bermudez,"Guadalajara, Jalisco, Mexico",22104,290,48,0
Edouses Prometheuses,https://soundcloud.com/edouses-prometheus,Edin Brbovic,"West Palm Beach, United States",548,567,27,5
EarthFix,https://soundcloud.com/earthfix,EarthFix,"Portland, United States",233,117,34,5
Evan Rasputin,https://soundcloud.com/evan-rasputin,Evan Rasputin,None,44354,6,27,0
Egea Music,https://soundcloud.com/egeamusic,None,"Saluzzo, Italy",39,0,30,0
European Tour,https://soundcloud.com/europeantour,European Tour,Wentworth,207,1,15,0
Extra Sound Recordings,https://soundcloud.com/extrasoundrecordings,None,http://extrasound.info,10502,6,116,2
evierco.,https://soundcloud.com/user-203397518,None,None,1372,1854,3265,20
ERA Music,https://soundcloud.com/eramusicvn,None,None,23346,48,2,20
Entspannungsmusik Paul Esgen,https://soundcloud.com/entspannungsmusikpaulesgen,None,None,1,0,1911,20
EDM label |Electric Station Label|,https://soundcloud.com/electric-station-label,Electric Station,"Kyiv, Ukraine",9210,2000,125,40
Entspannungsmusik Matthias Veny,https://soundcloud.com/entspannungsmusikmatthiasveny,None,None,0,0,1909,40
Empowerment Mentoring,https://soundcloud.com/paulmartinelli,None,None,587,0,10,40
Edward Maya Official,https://soundcloud.com/edwardmayavin,Edward Maya,"Bucharest, Romania",52666,0,2,40
eastsidestorytn,https://soundcloud.com/eastsidestorytn,Chuck Beard,"Nashville , United States",138,1,1471,40
Elevation Church,https://soundcloud.com/elevationchurch,None,None,5351,0,241,0
Elouise Hodges,https://soundcloud.com/elouisehodges,None,None,2635,0,65,5
Electrix Epilepsi,https://soundcloud.com/lectricpilepsi,None,None,259,591,1947,10
Esquire Classic,https://soundcloud.com/esquireclassics,None,None,737,0,48,1
êditions Pocket,https://soundcloud.com/user-424511315,None,None,307,1,805,3
Electric Rescue,https://soundcloud.com/electricrescue,Electric Rescue,"Paris, France",13371,669,316,14
Essential Media Group,https://soundcloud.com/essentialmediagroup,None,"Miami, United States",605,31,1229,10
englicious,https://soundcloud.com/englicious,None,Leicestershire,893,0,525,17
El Cartel Dj Crew,https://soundcloud.com/el-cartel-dj-crew,None,None,3332,3,201,2
Entspannungsmusik Lilly Hanck,https://soundcloud.com/entspannungsmusiklillyhanck,None,None,1,0,1774,0
English Across The Pond | ESL Podcast,https://soundcloud.com/user-441124909,None,None,6275,0,290,0
Entspannungsmusik Lilly Hanck,https://soundcloud.com/entspannungsmusiklillyhanck,None,None,1,0,1774,0
English Across The Pond | ESL Podcast,https://soundcloud.com/user-441124909,None,None,6275,0,290,0
Experimental Sound Studio,https://soundcloud.com/experimental-sound-studio,Experimental Sound Studio,"Chicago, United States",2614,333,244,3
Entspannungsmusik Sebastian Noiro,https://soundcloud.com/entspannungsmusiksebastiannoiro,None,None,4,0,1750,0
EGARC,https://soundcloud.com/egarc,KU EGARC,Lawrence,58,0,999,34
Emotional Response,https://soundcloud.com/emotional-response,None,"London, United Kingdom",8378,602,382,57
EssantÇ Organics,https://soundcloud.com/essanteorganics,Business & Product MP3 audio traini,The most recent replay is at the ba,1146,0,603,0
Ed Weindel,https://soundcloud.com/ed-weindel,Ed Weindel,None,55,0,0,50
ETRC Oral History,https://soundcloud.com/sfa_etrc,East Texas Research Center,"Nacogdoches, United States",249,0,1555,38
Evolution Of Sound ?,https://soundcloud.com/evolutionofsounds,Evolution Of Sound,"Los Angeles , United States",16082,43,31,0
Family Radio Network,https://soundcloud.com/family-stations-inc,None,None,2833,0,77337,10
FM Mundo,https://soundcloud.com/mascomunicacion-1,FM Mundo,"Quito, Ecuador",1071,0,24783,10
FreeBeats.io,https://soundcloud.com/free-beats-io,Royalty Free Beats,United States,77481,19,316,0
Free Music for Vlogs,https://soundcloud.com/freemusicforvlogs,? Free Music for Youtube ?,None,177980,0,662,9
FC Bayern MÅnchen,https://soundcloud.com/fcbayernofficial,None,"Munich, Germany",238676,0,134,3
FOX Sports Knoxville,https://soundcloud.com/foxsportsknoxville,FOX Sports Knoxville,"Knoxville, United States",1862,0,13372,10
Fr Daoud Lamei,https://soundcloud.com/frdaoudlamei,Fr Daoud Lamei,Egypt,17406,2,5974,0
Futurock FM,https://soundcloud.com/futurock,Futurock,"Buenos Aires, Argentina",3397,5,10916,0
Fifi & Dave,https://soundcloud.com/fifidave,Fifi & Dave Show,"Melbourne, Australia",720659,6,40,0
freevj,https://soundcloud.com/freevj,None,None,111007,4,1,0
Fedec†maras Radio,https://soundcloud.com/user-813591196,None,None,505,5,10588,2
FLP Family,https://soundcloud.com/flp-family,FREE FL Studio Templates & Remakes,www.flpfamily.com,181546,231,90,4
FIVEaa,https://soundcloud.com/fiveaa,None,"Adelaide, Australia",1469,0,9467,7
Fan Studio,https://soundcloud.com/fanstudio-fanstudio,FanStudio FanStudio,Ho Chi Minh,453,26,3216,0
Ferrugem,https://soundcloud.com/ferrugem-official,None,None,180923,0,112,0
Fjodor Dostojewski,https://soundcloud.com/fjodordostojewski,None,None,20,0,10153,0
FiredUp Network,https://soundcloud.com/firedupnetwork,FiredUp Network,"Toronto, Canada",486,0,9744,110
Franklin E. Morris,https://soundcloud.com/franklin-e-morris,Franklin Morris,"Syracuse, New York, United States",253,5,42,70
FacebookStories,https://soundcloud.com/facebookstories,None,United States,141112,0,2,0
Forss,https://soundcloud.com/forss,Eric Wahlforss,"Berlin, Germany",133710,1270,26,2
FEBC Canada,https://soundcloud.com/febc-canada,None,None,372,0,7642,10
FEaB Podcast,https://soundcloud.com/feab,Nerdist Industries,None,96980,0,2,0
floppy,https://soundcloud.com/uid8337,None,None,4061,0,35,4
Front Page,https://soundcloud.com/user-583505106,None,None,27,0,7244,0
FNR Football Nation Radio,https://soundcloud.com/fnr_footballnationradio,FNR Football Nation Radio,"Melbourne, Australia",890,3,1644,60
FrancBeltrami,https://soundcloud.com/franc-beltrami,Franc Beltrami,Spain,367,52,5013,190
Frecuencia Ciudad de Mexico,https://soundcloud.com/capital21,None,None,707,14,11,110
faithag,https://soundcloud.com/faithag,None,None,92,0,0,250
Family Dinner,https://soundcloud.com/familydinner-music,None,None,0,0,6000,0
Film Weekly,https://soundcloud.com/guardianfilmshow,None,The Guardian,64888,9,7,0
FM Master's,https://soundcloud.com/fm-masters,FM Master's,None,195,0,6201,2
FONTE DO FUNK OFICIAL,https://soundcloud.com/fontedofunkoficial,FONTE DO FUNK,"S?o Paulo, Brazil",42703,258,1095,3
Flowrunr,https://soundcloud.com/flowrunr,None,None,4,0,0,0
Front Row Weekly,https://soundcloud.com/front-row-weekly,Front Row Weekly,London,39064,194,2,0
FlowRythms (Official),https://soundcloud.com/flowrythmstv,None,"Thassos, Greece",61080,43,10,0
"Fireheart Music, Inc",https://soundcloud.com/jeffreymichaelpiano,Jeffrey Michael,"Rancho Palos Verdes, CA, United States",1305,0,88,81
FM ???,https://soundcloud.com/radioamalfm,Radio Amal FM,None,267,1,7,12
Frequency Heals,https://soundcloud.com/frequency-heals,None,None,900,0,4006,0
Francisco Ram°rez,https://soundcloud.com/fco_rmz,Francisco Ram°rez,"San Luis Potos°, Mexico",404212,15,36,2
FRONTLINE | PBS,https://soundcloud.com/frontlinepbs,None,"Boston, United States",54626,0,208,1
Fear Complex,https://soundcloud.com/fearcomplex,Neil O'Connor,"Kerry, Ireland",320534,40,20,2
futurofm,https://soundcloud.com/futurofm,None,None,2087,0,4,1
FGAG CHURCH,https://soundcloud.com/fgagchurch,Full Gospel Assembly of God Church,"Bengaluru, India",841,1,2830,8
Frank Lomas,https://soundcloud.com/solutions4antiaging,Frank Lomas,"Lompoc, United States",790,2,2937,0
FmSoldados.com,https://soundcloud.com/fm-soldados,None,None,339,2,10,0
Flims Network,https://soundcloud.com/flimcast,Podcasts Pulentos,"Santiago, Chile",4518,4,348,0
flaglerbroadcasting,https://soundcloud.com/flaglerbroadcasting,None,None,91,0,3603,20
Florida Rap Central,https://soundcloud.com/flroida_rap_central,None,None,76755,0,0,31
folkCast,https://soundcloud.com/folk_cast,None,None,219,0,3,0
Flavia Melissa,https://soundcloud.com/flavia-melissa,None,None,7891,2,51,0
F†bio Teruel,https://soundcloud.com/fabioteruel,F†bio Teruel,"S?o Paulo, Brazil",2618,0,4,0
Followeb.de,https://soundcloud.com/followeb,Download Gate Generator,None,155434,0,0,0
FUW,https://soundcloud.com/fuw-music,None,"PARIS, France",491,1886,43,0
Fr. Harris,https://soundcloud.com/fr-glenn-h-harris,Glenn Harris,"Rapids City, United States",392,15,3228,9
Firecracker Recordings,https://soundcloud.com/firecracker-recordings,None,Edinburgh,27044,682,158,12
free buddhist audio,https://soundcloud.com/freebuddhistaudio,Dharmachakra,None,1304,21,1846,65
Far Out Recordings,https://soundcloud.com/faroutrecs,Far Out Recordings,London,5882,154,421,20
Festivaletteratura,https://soundcloud.com/festivaletteratura,None,"Mantova, Italy",172,1,2745,7
Fana broadcasting corp.,https://soundcloud.com/fana-bc,?? ???????? ????? ?.?,"Addis Ababa , Ethiopia",313,1,3,16
Franz Kafka & Stefan Bergmann,https://soundcloud.com/franzkafkastefanbergmann,None,None,6,0,3076,0
FUW,https://soundcloud.com/fuw-music,None,"PARIS, France",491,1886,43,0
Fr. Harris,https://soundcloud.com/fr-glenn-h-harris,Glenn Harris,"Rapids City, United States",392,15,3228,9
Firecracker Recordings,https://soundcloud.com/firecracker-recordings,None,Edinburgh,27044,682,158,12
free buddhist audio,https://soundcloud.com/freebuddhistaudio,Dharmachakra,None,1304,21,1846,47
Far Out Recordings,https://soundcloud.com/faroutrecs,Far Out Recordings,London,5882,154,421,20
FSOLdigital,https://soundcloud.com/fsol-digital-recordings,FSOL DIGITAL,London,2687,0,9,0
Fletch And Vaughan,https://soundcloud.com/vaughan-1-1,None,None,43294,0,50,0
Festivaletteratura,https://soundcloud.com/festivaletteratura,None,"Mantova, Italy",172,1,2745,27
Fana broadcasting corp.,https://soundcloud.com/fana-bc,?? ???????? ????? ?.?,"Addis Ababa , Ethiopia",313,1,3,16
Franz Kafka & Stefan Bergmann,https://soundcloud.com/franzkafkastefanbergmann,None,None,6,0,3076,0
FGCLR,https://soundcloud.com/fgclr-media,First Gospel Church,"Little Rock, United States",1426,3,1162,17
Flow?,https://soundcloud.com/flowaudio,None,. . .,90814,65,26,3
Fonal Records,https://soundcloud.com/fonal,Fonal Records,"Tampere, Finland",12207,42,181,8
freezenosbeatz,https://soundcloud.com/freezestackz808,Freeze NosBeatz,"S?o Paulo, Brazil",2310,18,1612,0
Fanatic Promotion,https://soundcloud.com/fanaticpro,Josh Bloom,"New York, United States",2881,0,659,6
Focus on The Family Africa,https://soundcloud.com/fotf-2,None,None,1231,9,6,3
FM Talk 1065,https://soundcloud.com/fm-talk-1065,Sean Sullivan,"Mobile, United States",217,0,6,250
Fm Records Music,https://soundcloud.com/fm-records-music,Fm Records Music,"Roma, Italy",381,7,2402,0
FPPradio,https://soundcloud.com/fpp-cc,Darryl W. Perry,"Keene, United States",406,9,26,0
Fuentes Spaans,https://soundcloud.com/fuentesspaans,Fuentes Spaans,"Rotterdam, Netherlands",1287,0,694,16
fthrasmnthl,https://soundcloud.com/fathurfathur,faturachman,"Kupang, Indonesia",3134,83,83,2
Fr. Luka Maher,https://soundcloud.com/fr-luka-maher,None,None,1330,0,1399,48
Factory Floor,https://soundcloud.com/factory-floor,Factory Floor,"London, United Kingdom",13934,0,71,0
fresh927,https://soundcloud.com/fresh927,Fresh 92.7,"Adelaide, Australia",4674,205,24,0
Fubar Radio,https://soundcloud.com/fubarradio,Fubar Radio,London,468,8,11,146
france bleu creuse,https://soundcloud.com/france-bleu-creuse,France Bleu Creuse,"GuÇret, France",566,0,98,1
FL Studio Tunes,https://soundcloud.com/mitologixextra,None,None,9567,5,56,1
From Hear To There,https://soundcloud.com/from-hear-to-there,Nadia Wilson,"Brooklyn, NY, United States",20002,16,12,0
FUX PROD,https://soundcloud.com/fuxprod,FUX PROD,"Lyon, France",77,0,0,0
futuremusic FM,https://soundcloud.com/futuremusicfm,futuremusic FM,None,622,16,0,30
fadaknewsnet,https://soundcloud.com/fadaknewsnet,None,None,244,3,12,0
FractalAudio,https://soundcloud.com/fractalaudio,Fractal Audio,"Plaistow, NH, United States",2323,10,86,5
Float,https://soundcloud.com/floatproject,Float Project,"Jakarta, Indonesia",31491,203,36,7
Frequencia Urbana Podcast,https://soundcloud.com/frequencia-urbana,None,"San Juan , Puerto Rico",2866,0,482,3
FAME ?,https://soundcloud.com/fabricatedfame,None,None,1330,4,8,1
FieldCraft Survival,https://soundcloud.com/fieldcraftsurvival,FieldCraft Survival,United States,3117,6,194,0
Frankenstein,https://soundcloud.com/frankenstein-official,None,None,16,0,1630,0
Fethullah Gulen ?. ???????? ?????,https://soundcloud.com/fgulenkurdi,None,None,369,0,1306,30
Fierce Animals,https://soundcloud.com/fierceanimals,Fierce Animal Recordings,"San Francisco, United States",5108,457,739,29
FleetFoxesSing,https://soundcloud.com/fleetfoxessing,Fleet Foxes Sing,"New York, United States",18413,7,37,0
Fr. Luka Maher,https://soundcloud.com/fr-luka-maher,None,None,1330,0,1399,0
Forest Swords,https://soundcloud.com/forestswords,None,"Liverpool, United Kingdom",25672,0,9,0
Fantasy Football Podcast from PlayerProfiler,https://soundcloud.com/rotounderworld,The Podfather,Underworld,2532,4,914,0
FXpansion,https://soundcloud.com/fxpansion,None,"London, United Kingdom",1008,0,1011,134
Foothill Dragon Press,https://soundcloud.com/foothill-dragon-press,None,None,202,0,1935,1
Factory Floor,https://soundcloud.com/factory-floor,Factory Floor,"London, United Kingdom",13934,0,71,0
FHC Deep,https://soundcloud.com/fhcdeep,Future House Cloud,"Hamburg, Germany",5860,3,170,58
FMFV EDM,https://soundcloud.com/fmfvedm,? Music Promotion ?,None,91950,1,0,0
Film Threat,https://soundcloud.com/filmthreat,None,"Los Angeles, CA",249,36,540,0
Felix Dahn & Stefan Bergmann,https://soundcloud.com/felixdahnstefanbergmann,None,None,7,0,1882,0
GeorgeHarrison,https://soundcloud.com/georgeharrison,George Harrison,United Kingdom,808082,1,25,22
Guardian Politics Weekly,https://soundcloud.com/guardianpoliticsweekly,None,None,1199038,30,5,5
garyvee,https://soundcloud.com/garyvee,Gary Vaynerchuk,"New York City, United States",768881,2,1592,10
Ghost Ship,https://soundcloud.com/ghostship,Ghost Ship Music,"Seattle, United States",1401537,1,2,0
Goodie Mob Music,https://soundcloud.com/goodie-mob-music,None,None,798906,7,186,1
"Good Job, Brain!",https://soundcloud.com/goodjobbrain,None,"San Francisco, United States",955360,0,3,0
Guillemots,https://soundcloud.com/guillemots,None,"London, United Kingdom",598595,0,95,0
Geoff Geis,https://soundcloud.com/geis256,Geoff Geis,"Los Angeles, United States",1190961,527,70,0
gagagiga,https://soundcloud.com/hyungkuk-jang-joe,Hyungkuk Jang,"seoul, Republic of Korea",160,10,0,1
Good Life Project,https://soundcloud.com/goodlifeproject,Jonathan Fields,"New York, United States",325484,44,4,3
Got7,https://soundcloud.com/got7-official,None,None,128968,0,191,0
gamespot,https://soundcloud.com/gamespot,GameSpot,"San Francisco, United States",179800,0,6,1
Gardeners' Corner,https://soundcloud.com/gardeners-corner,BBC Radio Ulster Gardeners Corner,Ulster,359027,194,6,0
Governo de S?o Paulo,https://soundcloud.com/governodesaopaulo,Governo de S?o Paulo,"S?o Paulo, Brazil",634,0,211,1
Grand Mastah -CROW$WORD-,https://soundcloud.com/bart-vandijck,Bart Vandijck,"Maaseik, Belgium",539,203,8740,10
Ghost Town Podcast,https://soundcloud.com/ghosttownpodcast,Jason Horton,"Los Angeles, United States",110027,4,3,0
Guardian Music & Culture,https://soundcloud.com/theguardianmusic,None,None,71066,8,9,2
Golden Gate Management,https://soundcloud.com/golden-gate-management,None,"Hamburg, Germany",399,91,0,0
Great Lives,https://soundcloud.com/great-lives,Great Lives,London,38713,194,6,0
Gobernaci¢n Boyac† Oficia,https://soundcloud.com/gobernaci-n-de-boyac-ofi,Gobernaci¢n de Boyac† Sitio Oficial,"Tunja - Boyac†, Colombia",280,59,115,18
GLOBAL RECORDS,https://soundcloud.com/user-196768124-297041820,None,None,41,0,5,18
God Pencils,https://soundcloud.com/god-pencils,God's Pencils,None,1916,7,10,100
Getting Better Acquainted,https://soundcloud.com/gettingbetteracquainted,Dave Pickering,London,108674,188,451,50
Glen Horsborough,https://soundcloud.com/glenhorsborough,Glen Horsborough,None,70385,577,781,0
Guardian Ashes podcast,https://soundcloud.com/guardian-ashes-podcast,None,"London, United Kingdom",403613,22,4,0
Governo do Estado de S?o Paulo,https://soundcloud.com/governosp,Governo do Estado de S?o Paulo,"S?o Paulo, Brazil",392,0,4557,9
Gustavo Mota,https://soundcloud.com/gustavo-mota,S?o Paulo Brazil,bookings@entourage.com.br,188720,424,96,59
GospelUnusual,https://soundcloud.com/gospelunusual,None,"Copenhagen, Denmark",784,2,1,0
griffinmcelroy,https://soundcloud.com/griffinmcelroy,None,None,33582,6,124,2
GraphicAudio,https://soundcloud.com/graphicaudio,Graphic Audio,"Rockville, United States",1664,1,1715,39
GeraRock,https://soundcloud.com/gerarockmp3,Gerailson Oliveira,"ARACAJU, Brazil",86,42,822,28
Graveface Records,https://soundcloud.com/graveface,Graveface Records,"Savannah, United States",76435,20,132,0
Gain Records,https://soundcloud.com/gain-records,None,"Rome, Italy",3095,1,1657,30
garrinchadischi,https://soundcloud.com/garrinchadischi,garrincha dischi,"Bologna, Italy",1859,96,257,0
Greg Reid TPL,https://soundcloud.com/greg-reid-3,Greg Reid,"Seattle, United States",346,0,2467,0
Golden Rose Psychic Sound,https://soundcloud.com/golden-rose-psychic-sound,Lauren Cielo,"San Diego, United States",909,975,717,0
GYM WORKOUT,https://soundcloud.com/mrangry1,None,"Aalborg, Denmark",3824,175,1128,5
Gabriela Rocha,https://soundcloud.com/gabrielarochaofficial,None,None,29153,0,111,0
GrooveDen,https://soundcloud.com/grooveden,https://www.GrooveDen.com Royalty Free Music Library,"New York, United States",942,316,2541,22
gamequotes,https://soundcloud.com/gamequotes,None,None,246,0,678,4
Gramofone,https://soundcloud.com/gramofone,Gramofone,"Curitiba, Brazil",720,136,1945,17
Gurmat Bibek Daily,https://soundcloud.com/gurmat-bibek-daily,None,None,628,1,2254,110
GracePlace,https://soundcloud.com/grace-place,None,None,1128,0,1328,0
Giani Kulwant Singh Ji (Ludhiana Wale),https://soundcloud.com/mpesg,Mission Paigam-e-Shabad Guru,"Ludhiana, India",2571,0,1424,9
GMM,https://soundcloud.com/gmm,Gisle Martens Meyer,"Berlin, Germany",2634,0,560,14
Gurnee Guitar Academy,https://soundcloud.com/gurnee-guitar-academy,Gurnee Guitar Academy,None,70,1,0,0
Grandes en los Deportes,https://soundcloud.com/grandesenlosdeportes,Dionisio Soldevila,"Santo Domingo, Dominican Republic",1190,1,1989,0
GràmioFBPA,https://soundcloud.com/gremiooficial,Gràmio Foot-Ball Porto Alegrense,"Porto Alegre, Brazil",2159,0,1881,10
gentetuya,https://soundcloud.com/gentetuya,JosÇ GutiÇrrez Producciones,"Santiago, Dominican Republic",122,0,2835,16
GotDembow.net,https://soundcloud.com/gotdembow,#LaNuevaGeneracion,None,5477,523,48,34
gamaliel-audrey,https://soundcloud.com/gamaliel-audrey,Gamaliel and Audrey Tapiheru,"Banten, Indonesia",40940,63,6,0
GB-SA,https://soundcloud.com/gb-sa,None,None,403,0,45,22
gracepeople,https://soundcloud.com/gracepeople,sang woo,"fremont, United States",189,0,2747,1
G. Love & Special Sauce,https://soundcloud.com/philadelphonic,G Love,"Philadelphia, United States",9239,1,547,7
GOOGLE DOS DJS,https://soundcloud.com/googledosdjsoficial,GOOGLE DOS DJS - TUDO PARA DJS - PONTO - TAMBOR,ACAPELA - BEAT - MUNDO DOS DJS,7003,10,353,0
Gustav Meyrink,https://soundcloud.com/gustavmeyrink,None,None,3,0,2636,0
G-MAFIA REMIX,https://soundcloud.com/gmafiaremix,None,None,16348,73,286,210
Grizzly Beatz,https://soundcloud.com/grizzlysbeatz,"Boom Bap Beats, 90s Oldschool Hip Hop","Los Angeles, United States",23098,1799,561,0
ggumtl,https://soundcloud.com/ggumtl,None,None,100,0,51,38
Guy Dearden,https://soundcloud.com/guydearden,None,None,8,0,2294,0
ggumtl,https://soundcloud.com/ggumtl,None,None,100,0,51,38
Guy Dearden,https://soundcloud.com/guydearden,None,None,8,0,2294,0
GuinÇe Buzz,https://soundcloud.com/guineebuzz,GuinÇe Buzz Music,"Conakry, Guinea",1193,20,49,13
Get Twisted Radio,https://soundcloud.com/gettwistedradio,Get Twisted Radio,London,4230,2,248,0
Goshfather & Jinco,https://soundcloud.com/goshfatherjinco,None,"Los Angeles, United States",71865,1017,21,12
Gabrial Wek,https://soundcloud.com/midimindrecordings,Gabrial Wek,United States,13604,0,2,0
Ghetto Records,https://soundcloud.com/user-546811869,None,"Kaunas, Lithuania",3620,0,587,2
growing bin records,https://soundcloud.com/growingbinrecords,run s l o w l y by Basso,"Hamburg, Germany",12475,446,349,11
GL8 media,https://soundcloud.com/gl8-media,gl8 De regio dichtbij,"Heumen, Mook en Middelaar, Netherlands",284,0,2148,3
GIRIBOY/2252,https://soundcloud.com/giriboy_wybh,WYBH,seoul,71770,558,1,1
Georges Brassens,https://soundcloud.com/georges-brassens,None,None,1521,0,1489,1
Ghostrifter Official,https://soundcloud.com/ghostrifter-official,None,Netherlands,30070,44,33,6
Gem Records,https://soundcloud.com/gem-records,Record label by Secret Cinema,"Amsterdam, Netherlands",16490,13,258,24
Gippy Grewal,https://soundcloud.com/gippygrewal-1,gippy Grewal,None,17817,0,0,0
Grappa Musikkforlag,https://soundcloud.com/grappa-musikkforlag,None,"Oslo, Norway",71,0,60,0
GONE.Fludd,https://soundcloud.com/gonefludd,None,"132, Russian Federation",57921,216,141,1
Glee: The Music,https://soundcloud.com/user5333353,Glee The Music,"London, United Kingdom",22165,0,0,0
GlennCoIsley,https://soundcloud.com/glenncoisley,Glenn Isley,None,1,25,0,50
Greg Dowling,https://soundcloud.com/greg-dowling-music,Greg Dowling,"London, United Kingdom",39,32,37,13
Gene Keys,https://soundcloud.com/gene-keys,None,None,4967,2,85,11
Game of Thrones Songs,https://soundcloud.com/game-of-thrones-songs,None,Westeros & Essos,35131,0,15,7
GS Broadcast,https://soundcloud.com/gs-broadcast,None,None,93,0,16,0
g l griggs,https://soundcloud.com/glgriggs,Greg Griggs,None,3,74,0,60
Ghost Box,https://soundcloud.com/ghost-box,Ghost Box,"Belbury, United Kingdom",6347,82,201,9
G-MAFIA REPOST,https://soundcloud.com/gmafiarepost,None,None,50792,382,0,20
gamensound,https://soundcloud.com/gamensound,eunil kim,"Seoul, Republic of Korea",274,0,245,30
Grupo Ruah,https://soundcloud.com/grupo-ruah,None,"Londrina, Brazil",333,0,602,0
Guitar Player,https://soundcloud.com/user-630852220,None,None,278,0,1302,10
Great British Voices,https://soundcloud.com/gb-voices-13826238,Denton Events,"York/Kent, United Kingdom",71,0,1388,70
Ground Your Matrix,https://soundcloud.com/user-838376856,Practitioner Support,"Littleton, Colorado, United States",24,1,6,0
Gospel.House,https://soundcloud.com/gospel-house,None,None,4434,0,146,2
Guinness,https://soundcloud.com/itsguinness,None,None,18264,1,16,1
Gerson Rufino,https://soundcloud.com/gersonrufino,None,None,1726,0,944,1
GG,https://soundcloud.com/gustav-granath,Gustav Granath,STOCKHOLM,5313,23,368,8
GxFR,https://soundcloud.com/gxfr,None,None,18450,6,78,4
GroovyRoom,https://soundcloud.com/groovyroom,GroovyRoom,"Seoul, Republic of Korea",49922,1,4,0
go2freedom,https://soundcloud.com/go2freedom,Freedom Christian Center,"Santa Fe Springs, United States",1685,0,319,65
Grand Palais,https://soundcloud.com/rmngrandpalais,RÇunion des musÇes nationaux Grand Palais,"Paris, France",1780,24,523,65
Gerri B,https://soundcloud.com/gerri-b,Gerri Dawson,"Sammamish, United States",267,0,1740,0
Galileo Dreams Recordings,https://soundcloud.com/galileodreams,None,None,566,43,1187,12
Goa Records,https://soundcloud.com/goarecords,Goa Records,"San Francisco, United States",4493,329,892,0
"GMCBeats - Rap, Beats & Songwriting Workshops",https://soundcloud.com/gmcworkshops,"GMCBeats Rap, Beats & Songwriting Workshops","Cork, Ireland",10863,30,424,0
G-Dragon Bigbang,https://soundcloud.com/yumi-misaki-ii,None,None,20542,3,26,5
Green Label Sound,https://soundcloud.com/greenlabelsound,Green Label Sound,"New York, United States",12839,1,48,6
gopisundar,https://soundcloud.com/gopisundar,gopi sundar,"chennai, India",9897,1,54,3
GovernmentZA_Archive,https://soundcloud.com/governmentza_archive,South African Government Archive,"Pretoria, South Africa",580,0,37,3
GENAIRO NVILLA,https://soundcloud.com/genaironvilla,None,"Amsterdam, Netherlands",20467,14,22,3
Gipsy Kings,https://soundcloud.com/gipsy-kings-official,None,None,9259,0,345,3
GarthPatWortman,https://soundcloud.com/garthpatwortman,Garth Wortman,None,4,41,0,1090
Gardentone,https://soundcloud.com/gardentone,Steve Wall,"Jersey City, United States",259,41,0,1090
"InnerCat Music Group, LLC",https://soundcloud.com/innercat-music,None,"Miami, United States",1351,101,1875,0
IAMBENGA,https://soundcloud.com/illuminate_music,Benga Adejumo,London,3384836,5,0,1
Info êNERGIE Rouge Boom,https://soundcloud.com/info-energie-rouge-boom,Info,"MontrÇal, Canada",2111,8,33113,74
Intelligence Squared,https://soundcloud.com/intelligence2,Intelligence Squared,London,1297837,2,1,0
IrishandChin,https://soundcloud.com/irishandchin,None,"New York, United States",10637,1,6187,19
Island Records UK,https://soundcloud.com/island-records-uk,Island Records,"London, United Kingdom",28577,34,2,19
Infos CHGA,https://soundcloud.com/infos-chga,None,None,650,0,608,0
InsideWestHam,https://soundcloud.com/insidewestham,Inside WestHam,London,507010,202,18,0
IT'S JASH,https://soundcloud.com/its-jash,None,None,825645,68,15,0
Indus Vox Media,https://soundcloud.com/indusvox,None,None,1930,8,7519,3
iambulb,https://soundcloud.com/iambulb,Misha Mansoor,"Washington, United States",24063,16,33,0
In Our Time: Culture,https://soundcloud.com/in-our-time-culture,In Our Time Archive: Culture,None,31981,194,3,4
Islam,https://soundcloud.com/user-933505406,None,None,429,0,68,1
It's That Episode,https://soundcloud.com/itsthatepisode,Craig Rowin,"Brooklyn, United States",42783,3,170,0
InheritanceTracks,https://soundcloud.com/inheritancetracks,None,None,39302,194,23,0
In Our Time: Religion,https://soundcloud.com/in-our-time-religion,In Our Time Archive: Religion,None,31025,194,3,2
InheritanceTracks08-11,https://soundcloud.com/inheritancetracks08-11,Inheritance Tracks 2008-2011,London,542,194,23,2
Illuminati Beatz,https://soundcloud.com/illuminatibeatz-1,Illuminati Beatz,"Austin, United States",41554,28,1,0
Ibiza Global Radio,https://soundcloud.com/ibizaglobalradio,Ibiza Global Radio,"Ibiza / Eivissa, Spain",81078,146,216,4
iglemanantial,https://soundcloud.com/iglemanantial,None,"Distrito Capital, Colombia",2221,0,7,5
Islam,https://soundcloud.com/user-933505406,None,None,429,0,68,5
iRadio Catch Up,https://soundcloud.com/iradiocatchup,iRadio Ireland,"Ireland, Ireland",2141,2,4977,11
InheritanceTracks,https://soundcloud.com/inheritancetracks,None,None,39302,194,23,11
ICY,https://soundcloud.com/icy-co,Independent Label,United States,205000,0,5,11
Igreja Renascer em Cristo,https://soundcloud.com/igrejarenascer,Renascer Em Cristo,"S?o Paulo, Brazil",3566,0,1204,24
Indigenous Tunes,https://soundcloud.com/indigenous-tunes-za,Indigenous Tunes ZA,"Gauteng, South Africa, South Africa",673,11,3009,1
In Our Time: Religion,https://soundcloud.com/in-our-time-religion,In Our Time Archive: Religion,None,31025,194,3,1
Impact Soundworks,https://soundcloud.com/isworks,Andrew Aversa,"Columbia, MD, United States",8029,9,886,90
Israel News Talk Radio,https://soundcloud.com/israel-news-talk-radio,Israel News Talk Radio,"Jerusalem, Israel",1487,1,3328,10
InheritanceTracks08-11,https://soundcloud.com/inheritancetracks08-11,Inheritance Tracks 2008-2011,London,542,194,23,0
IXLOS.ORG,https://soundcloud.com/ixlosorg,None,None,1113,2,2696,20
"ICAN Institute, Inc.",https://soundcloud.com/deberickson,Deb Erickson,None,1788,0,1,4
IM_sample,https://soundcloud.com/im_sample,None,None,101,0,0,0
INPImx,https://soundcloud.com/inpimx,INPI - Instituto Nacional de los Pueblos Ind°genas,"CDMX, Mexico",1111,0,2748,40
Italo Marsili,https://soundcloud.com/italomarsili,None,None,6915,1,377,46
Iran International ????? ??????????,https://soundcloud.com/iranintl,Iran International,"London, United Kingdom",2129,1,3595,10
Ideias Gazeta do Povo,https://soundcloud.com/gazetadopovopodcast,Gazeta do Povo,"Curitiba, Brazil",6229,0,601,9
Inspired Choices Network,https://soundcloud.com/inspiredchoicesnetwork,None,None,254,24,3592,0
Illuminati Beatz,https://soundcloud.com/illuminatibeatz-1,Illuminati Beatz,"Austin, United States",41554,28,1,0
ILMSTUDY,https://soundcloud.com/user-416734396-544407763,None,None,23,0,2339,77
ILMSTUDY,https://soundcloud.com/user-416734396-544407763,None,None,23,0,2339,10
iglemanantial,https://soundcloud.com/iglemanantial,None,"Distrito Capital, Colombia",2221,0,7,5
IndyPolitics,https://soundcloud.com/indypolitics,None,None,399,22,2825,30
IBNSABEEL,https://soundcloud.com/ibnsabeel_ltd,IBNSABEEL,"Manchester, United Kingdom",462,0,675,30
irascibledistribution,https://soundcloud.com/user546063,Irascible Distribution & Promotion,"Lausanne, Switzerland",792,118,10,1
islom.uz,https://soundcloud.com/islomuz,portal islom.uz,None,1716,0,29,30
iutatter,https://soundcloud.com/iutatter,None,None,35,0,615,0
isyanasarasvati,https://soundcloud.com/isyanasarasvati,Isyana Sarasvati,"Singapore - Bandung, Singapore",49812,2,16,0
Ian Friday,https://soundcloud.com/ian-friday,Ian Friday,"Brooklyn, United States",5613,15,537,3
ILIAN TAPE,https://soundcloud.com/ilian-tape,None,"Munich, Germany",39878,63,155,1
Ibrahim Alsalih,https://soundcloud.com/ibrahim-alsalih,Ibrahim Alsalih,"Riyadh, Saudi Arabia",2189,14,1789,10
I'flow el nene de la corona,https://soundcloud.com/yosoybgton,None,"new york, United States",14184,18,583,2
ITBOY,https://soundcloud.com/guillaumekokot,kokot guillaume,"bezons, France",258,108,3307,52
icsjcampos,https://soundcloud.com/icsjcampos,Igreja da Cidade S?o JosÇ dos Campos,"S?o JosÇ dos Campos, Brazil",2926,3,678,52
Iglesia Filadelfia JV,https://soundcloud.com/iglesia-filadelfia-jv,Iglesia Filadelfia JV,"Bogot†, Colombia",1855,1,1369,40
Igreja Verbo Recreio,https://soundcloud.com/igrejaverborecreio,None,"Rio de Janeiro, Brazil",368,4,2409,60
IU,https://soundcloud.com/iu-music,None,None,43291,0,18,0
Iowa Almanac,https://soundcloud.com/iowa-almanac,None,", United States",472,0,3040,0
ivan smagghe,https://soundcloud.com/colonelgatito,None,None,26649,24,34,3
Iglesia La Luz del Mundo - Ortodoxia,https://soundcloud.com/laluzdelmundo,None,None,1240,0,1171,0
Irdin,https://soundcloud.com/irdin-editora,Irdin Editora,"Carmo da Cachoeira - MG, Brazil",336,0,2107,94
Industrialyzer,https://soundcloud.com/industrialyzer,Ricardo Rodrigues,"Amsterdam, Netherlands",30721,56,91,8
Ihaksi,https://soundcloud.com/ihaksi,Hip Hop Beats & Rap Instrumentals,Finland,4695,57,424,0
Inside Personal Growth with Greg Voisen,https://soundcloud.com/lvoisen,Greg Voisen,"San Diego, United States",2907,42,909,0
Idle Thumbs,https://soundcloud.com/idlethumbs,"Podcasts about video games, televis",San Francisco,2191,0,1475,5
Inspiraá?o para uma Vida M†gica,https://soundcloud.com/user-604003650,Inspiraá?o para uma Vida M†gica,"Porto, Portugal",2843,1,259,0
ivanywi5,https://soundcloud.com/ivanywi5,Bill Cowan,None,7,24,0,150
Insane Clown Posse,https://soundcloud.com/insane-clown-posse-official,None,None,14350,0,728,0
Istomina Karina,https://soundcloud.com/karinaistomina,Karina Istomina,"Moscow, Russian Federation",42542,66,7,0
Instrumental Beats for Sale 9elevenbeats,https://soundcloud.com/9elevenbeats,"Type beats: Rnb,Trap, youtube Drake, Chris Brown, dababy, roddy","Beats For Sale and Instrumentals, United States",10377,25,492,0
I-Pecege,https://soundcloud.com/user-293002575,None,None,163,0,2,0
Ivy League Records,https://soundcloud.com/ivyleaguerecords,Ivy League Records,"Sydney, Australia",1313,32,13,10
Ida Engberg,https://soundcloud.com/ida-engberg,Ida Engberg,"Stockholm, Sweden",96557,110,4,1
I'm long nhat ?,https://soundcloud.com/user-517658670,#HEYLAIZ,"HA NOI, Viet Nam",72724,875,21,0
iamYURY,https://soundcloud.com/iamyury,Yury,"Brooklyn, NY",2754,71,40,5
Igreja em Piracicaba,https://soundcloud.com/igreja-em-piracicaba,None,"Piracicaba, Brazil",435,3,3,9
InStereo Recordings,https://soundcloud.com/instereo-recordings,None,"Los Angeles CA, United States",4972,71,420,0
Iowa Catholic Radio,https://soundcloud.com/iowacatholicradio,None,"Des Moines, IA, United States",313,8,1967,10
im saved by Jesus,https://soundcloud.com/varantdndlian,Hisusinem im saved by JESUS,"montreal, Canada",942,3,1259,9
Imagination Studios,https://soundcloud.com/craig-jansson,Craig Jansson,"Gold Coast, Australia",253,127,1652,15
Inmind,https://soundcloud.com/iaminmind,None,None,28458,0,1,15
ImNotYourBITCH,https://soundcloud.com/daquan-jeremy-reid,Jeremy Denzel,None,282,18,10,1
Ivan Maia,https://soundcloud.com/ivanmaia,Ivan Maia,"Americana, Brazil",1301,0,272,9
Informativo Turquesa,https://soundcloud.com/infoturquesa,None,"Cancun, Mexico",151,0,92,8
ICIAR Medios,https://soundcloud.com/iciar-medios,ICIAR Medios,"MÇxico, Mexico",729,0,3,2
IBX MEDIA,https://soundcloud.com/innerbanksmedia,None,Greenville,126,15,2,2
Ikaselkar,https://soundcloud.com/ekidbh,None,None,122,0,1043,6
IFM-PARIS,https://soundcloud.com/ifm-paris,Institut Franáais de la Mode,"Paris, France",2700,8,364,47
Iceland Airwaves,https://soundcloud.com/iceland-airwaves,Iceland Airwaves,Reykjav°k,8284,144,39,1
INOSSI,https://soundcloud.com/inossi,None,Sweden,15921,11,33,1
IMMACULATE TASTE,https://soundcloud.com/immaculate-taste,None,NORTH CAROLINA,4102,65,54,0
izleifur,https://soundcloud.com/izleifur,?sleifur Eldur,"Reykjav°k, Iceland",330,2,0,0
Ibrahim Alasiri,https://soundcloud.com/ibrahimalasiri,?????? ????? ??????? ???????,"??????, Saudi Arabia",2713,0,521,19
Igreja em Uberaba,https://soundcloud.com/user-871712353,None,None,95,0,1594,0
Ineffable Beats,https://soundcloud.com/user-157648928,None,None,7461,0,50,0
issamichuzi,https://soundcloud.com/issamichuzi,muhidin michuzi,Dar es salaam,399,27,40,1
Iceland Music,https://soundcloud.com/iceland-music,Iceland Music,"Reykjav°k, Iceland",5830,184,27,0
Inperspective Records,https://soundcloud.com/chrisinperspective,Chris Inperspective,London,7670,137,367,29
In:Demand Scotland,https://soundcloud.com/in-demand-scotland,None,"Scotland, United Kingdom",1165,2,38,40
I Am Kloot,https://soundcloud.com/i-am-kloot,None,"Manchester, United Kingdom",29791,0,174,1
Iain Scott,https://soundcloud.com/sterns-music,None,"London, United Kingdom",1780,83,75,8
Imperio Productions,https://soundcloud.com/imperio-pro,Imperio Productions,"perth amboy, United States",1170,24,33,8
ISKCON of DC,https://soundcloud.com/iskconofdc,None,"Washington DC, United States",1308,80,863,8
iDEAL Recordings,https://soundcloud.com/ideal-recordings,Joachim Nordwall,"Gothenburg, Sweden",8613,93,143,0
IcedOutBeats,https://soundcloud.com/icedoutbeatzz,None,"Frankfurt am Main, Germany",6938,1,53,0
Irfan Junejo 1,https://soundcloud.com/irfan-junejo-1,Irfan Junejo,None,23376,45,0,0
ITC Sangeet Research Academy,https://soundcloud.com/user-404842895,None,None,323,0,0,2
Illinois News Now,https://soundcloud.com/illinoisnewsnow,None,None,62,1,1480,1
inovelink,https://soundcloud.com/inovelink,INOVELINK,Brazil,53,2,10,1
I LIKE PRESS,https://soundcloud.com/i-like-press,None,Leeds,2967,128,4,5
Legacy Recordings,https://soundcloud.com/legacyrecordings,Legacy Recordings,"New York City, United States",3455242,0,1,9
Laura Mvula,https://soundcloud.com/lauramvula,Laura Mvula,London,5167773,3,88,0
LU24 Radio Tres Arroyos,https://soundcloud.com/radio-tres-arroyos-lu-veinticuatro,LU24 Radio Tres Arroyos,"Tres Arroyos, Argentina",767,0,18276,9
Loopmasters,https://soundcloud.com/loopmasters,None,None,15502,49,7815,0
latinousa,https://soundcloud.com/latinousa,Latino USA,"New York, United States",151312,67,1255,10
Live 95.5,https://soundcloud.com/live955pdx,Live 95.5,"Portland, United States",2407,3,12890,10
LeonaLewis,https://soundcloud.com/leonalewis,Leona Lewis,"London, United Kingdom",211817,0,28,0
Living on Earth,https://soundcloud.com/living-on-earth,None,"Boston, MA, United States",162735,11,5417,4
LBCradio,https://soundcloud.com/lbcradio,None,None,298817,4,13,2
Letter from America 93-96,https://soundcloud.com/letter-clinton,None,"Broadcasting House, London, United Kingdom",413917,194,13,2
Link Up TV TRAX,https://soundcloud.com/mixtapezcentral,Link Up TV TRAX,None,9820,1,1649,36
Little America,https://soundcloud.com/obaaxgt80kle,None,None,182,1,11444,80
Learfield Audio,https://soundcloud.com/learfield-audio,None,United States,1101,140,9366,39
Letter from America: Bush,https://soundcloud.com/letter-from-america-bush,None,None,409745,194,13,39
Lil.Dan,https://soundcloud.com/daniel-stewart-33,DCLXVI,"Perth, Australia",385,356,9709,0
Lick It Loud!,https://soundcloud.com/lickitloud,House Sounds | Free Download,None,343807,0,0,0
Legacy Music Hour,https://soundcloud.com/legacy-music-hour,Nerdist Industries,None,104958,0,3,0
La Voz de CÇsar Vidal (Oficial),https://soundcloud.com/cesarvidal,CÇsar Vidal,"Miami, United States",2720,0,5708,0
Lust for Life,https://soundcloud.com/lust_for_life,James L. Mattern,"New York, United States",477266,22,83,0
LatinPulse,https://soundcloud.com/latinpulse,Las Rocas Productions Affiliated with Link TV,"St. Louis, MO, United States",133729,45,274,30
Laila kaizen,https://soundcloud.com/laila-kaizen,None,None,31231,1,13,1
La Garata Mega,https://soundcloud.com/la-garata-mega,None,None,9872,2,9,360
La Maquinaria Norte§a,https://soundcloud.com/la-maquinaria-norte-a,La Norte§a,"Dallas, United States",34116,0,0,360
Lucky Shivers // Nicholas Stevenson,https://soundcloud.com/nicholas-stevenson,Lucky Shivers,London,507432,180,4,0
Letter from America 69,https://soundcloud.com/letter-from-america-69,Letter from America,"London, United Kingdom",38846,288,12,0
Left Handed Radio,https://soundcloud.com/lefthandedradio,None,"New York, United States",51495,3,1,0
laclippers,https://soundcloud.com/laclippers,Los Angeles Clippers,"Los Angeles, United States",53923,0,25,0
LYFO,https://soundcloud.com/lyfomusic,None,None,39808,25,10,0
Limmy,https://soundcloud.com/limmy,Brian Limond,"Glasgow, United Kingdom",45306,8,94,1
Line 6,https://soundcloud.com/line6,Line 6,"Calabasas, United States",20528,1,304,13
Live At Robert Johnson,https://soundcloud.com/live-at-robert-johnson,None,"Frankfurt, Germany",32344,127,394,27
lidxcd4,https://soundcloud.com/lidxcd4,None,None,77,8,4010,4
Lives in a Landscape,https://soundcloud.com/lives-in-a-landscape,None,United Kingdom,32230,272,6,0
Laki Mera,https://soundcloud.com/lakimeramusic,Laki Mera,"Glasgow, United Kingdom",131037,22,53,3
ListentoDetroit,https://soundcloud.com/detroitaudiotour,None,"Detroit, MI, United States",30653,14,10,1
Launion r800am,https://soundcloud.com/launion-r800am,Launion r800am,None,262,4,14,1
La Biblioteca Cumbiera,https://soundcloud.com/labibliotecacumbiera,Movida Tropical,"Santiago, Chile",2169,0,924,80
Look and Listen,https://soundcloud.com/look-and-listen-anthropology,None,London,41878,162,6,0
Live Love ASAP,https://soundcloud.com/live-love-asap,ASAP Rocky,"New York City, United States",207126,0,3,0
livemusicnola,https://soundcloud.com/livemusicnola,Live Music NOLA,"New Orleans, United States",646,46,6,13
London Symphony Orchestra,https://soundcloud.com/london-symphony-orchestra,London Symphony Orchestra,"London, United Kingdom",2298,8,1795,2
Luz del Islam,https://soundcloud.com/luzdelislam,None,None,918,0,1960,41
Laarion Oliver,https://soundcloud.com/laarion-oliver,Laarion Oliver,None,19,24,0,160
Lien Khuc Hay,https://soundcloud.com/cao-trang-1,Trang Cao,None,682,29,4,160
Laikos,https://soundcloud.com/user-1315623,None,None,178,2,2733,28
Los Huracanes Del Norte,https://soundcloud.com/los-huracanes-del-norte-official,None,"Portales, United States",3964,5,1339,28
Los Temerarios Temerarios,https://soundcloud.com/lostemerariostemerarios,Los Temerarios Temerarios,"Fresnillo, Mexico",15557,0,1,0
lavoixdehinda,https://soundcloud.com/hinda-mohamed,la voix de hinda,None,14559,16,76,0
Lady Di ??? Deep SouL,https://soundcloud.com/diana-a-bocelli,"Lady Di ! ??????? ?? ????? ? ???, ? LadyMeLoman","New York, United States",1007,1999,0,0
Lovemonk,https://soundcloud.com/lovemonk,Lovemonk Discos Buenos,"Madrid, Spain",4585,114,0,21
Les couilles sur la table,https://soundcloud.com/lescouilles-podcast,Binge Audio,"Paris, France",16885,12,89,3
lonepineroadstudio,https://soundcloud.com/lonepineroadstudio,Lone Pine Road Studio,"Kingston, NY, United States",77,16,1,3
Le radiojournal de Radio-Canada,https://soundcloud.com/radiojournal,Radio-Canada Info,None,186,0,2748,0
Lifted House,https://soundcloud.com/lifted-house,Christian RosÇn,"Copenhagen, Denmark",2303,55,2,0
Level 8 Sounds,https://soundcloud.com/level8sounds,Timon Dudaczy,"Frankfurt, Germany",38418,110,21,0
Livio & Roby,https://soundcloud.com/livio-roby,None,"Bucharest, Romania",21768,6,1,15
Luca Agnelli,https://soundcloud.com/lucaagnelli,Luca Agnelli,"Etruria, Italy",33200,59,129,6
Luuk van Dijk,https://soundcloud.com/luukvandijkdj,Owner of Dark Side Of The Sun,"Amsterdam, Netherlands",20014,389,10,21
Los Angeles Times,https://soundcloud.com/latimes,None,Los Angeles,34180,2,34,15
Larry de Kat,https://soundcloud.com/larrydekat,LdK,None,4231,5,16,5
Lviv Wave Radio,https://soundcloud.com/lvivwaveradio,100.8 FM,"Lviv, Ukraine",1275,0,1043,33
Los Canelos de Durango,https://soundcloud.com/los-canelos-de-durango,None,None,1800,0,1183,0
LMG Studio?,https://soundcloud.com/lmgstudio,None,"Berlin, Germany",1468,3,3,0
Lukrembo,https://soundcloud.com/lukrembo,Donghyun Kim,"Busan, Republic of Korea",17759,2,58,0
Lehult,https://soundcloud.com/lehult,None,"Hamburg, Germany",9209,358,124,1
Larry Coleman 2020 (& HulliOnTheBeat),https://soundcloud.com/larrycoleman2020,Larry Coleman 2020,"Las Vegas, Nevada, United States",8817,638,112,15
LEX,https://soundcloud.com/lex3_zzz_0,None,"Tokyo, Japan",45432,40,44,0
lslradio,https://soundcloud.com/lslradio,None,Mauritius,704,6,90,10
LalGovindDas-ISKCON,https://soundcloud.com/lalgovinddas,None,None,645,3,0,18
Level BackUp,https://soundcloud.com/levelbackup,Level Up Norge,"Oslo, Norway",2693,4,253,4
Lucille Traylor,https://soundcloud.com/lucille-traylor,Lucille Traylor,None,43,0,0,570
leifberg,https://soundcloud.com/leifberg,Leif Hesselberg,None,39,6,92,8
Los Humildes,https://soundcloud.com/los-humildes,None,None,570,0,1423,0
Latest Bollywood Songs,https://soundcloud.com/latest-bollywoood-songs,None,None,36496,0,0,5
Latest Hindi Songs 2021,https://soundcloud.com/latesthindisongs2021,None,None,30273,0,1,1
Los Bondadosos,https://soundcloud.com/los-bondadosos,None,None,492,0,1197,0
LukeAlexJackson1975,https://soundcloud.com/lukealexjackson1975,Luke Jackson,None,2,4,0,150
Lawrence C Bachman,https://soundcloud.com/lawrencecbachman,Lawrence Bachman,None,3,12,0,20
La Condosiun MBun,https://soundcloud.com/la-condosiun-mbun,La Condosiun MBun,"Torino, Italy",177,126,1703,53
larry samuels,https://soundcloud.com/larrysamuels,Larry Samuels,None,4,4,0,40
larry samuels,https://soundcloud.com/larrysamuels,Larry Samuels,None,4,4,0,40
La Condosiun MBun,https://soundcloud.com/la-condosiun-mbun,La Condosiun MBun,"Torino, Italy",177,126,1703,53
Lester Love,https://soundcloud.com/lesterlove,Lester Love,"New Orleans, United States",1033,0,2,16
larry samuels,https://soundcloud.com/larrysamuels,Larry Samuels,None,4,4,0,160
La autopista del sur,https://soundcloud.com/la-autopista-del-sur-3,Programa de radio dedicado al cine,"Buenos Aires, Argentina",379,2,1664,0
Livia M.,https://soundcloud.com/livia-marly,Livia M.,Argentina,366,1994,0,20
Lyktum,https://soundcloud.com/lyktum,Dejan Jovanovi?,"Iono-Music, Serbia",36256,60,160,20
LOOPGOONZ,https://soundcloud.com/loopgoonz,None,Sound Designer,2803,0,323,0
La Vara de Dios - AD,https://soundcloud.com/iglesialavaradedios,MIVD Iglesia,"Bogot† DC, Colombia",859,14,1030,9
Listen2This,https://soundcloud.com/listen2thisrecords,None,"Los Angeles, California",78565,14,24,5
Lancaster Baptist Church,https://soundcloud.com/lancaster-baptist-church,None,"Lancaster, United States",671,1,991,100
LPV,https://soundcloud.com/musicalmetronome,None,None,120,0,1469,30
LYON DEMAIN GÇrald BOUCHON,https://soundcloud.com/lyondemain,Gerald BOUCHON,"LYON, France",254,43,1702,7
lancelot,https://soundcloud.com/lancelotofficial,None,syd,20603,603,33,5
Luistert naar Hem,https://soundcloud.com/luistertnaarhem,None,None,53,0,1709,6
Les Brown Library,https://soundcloud.com/les-brown-library,Les Brown,"Florida, United States",10181,0,0,0
Louis Jordan,https://soundcloud.com/louis-jordan-official,None,None,185,0,1421,0
LTO KING,https://soundcloud.com/lto555,LUCKY TAYE OSARENOMA,"TORINO ITALY, Nigeria",468,58,846,1
Lord Finesse,https://soundcloud.com/joey-badass-devastated,None,None,21788,0,35,3
LFTF,https://soundcloud.com/liveforthefunk,None,<3,37789,1707,83,10
Los Abelardos,https://soundcloud.com/losabelardos,None,None,73,0,1514,0
Lampada ai miei passi,https://soundcloud.com/lampada_ai_miei_passi,don Roberto Carelli,"Torino, Italy",604,0,1164,0
leschazay,https://soundcloud.com/localifr,pierre-louis ROSTAGNAT,"chazay, France",8,0,0,0
libraryofthehumansoul,https://soundcloud.com/libraryofthehumansoul,None,None,291,0,163,12
lanbox,https://soundcloud.com/lanbox,None,None,37,0,1698,0
LUCIANO DO YOUTUBE - FAVELA DO RODO,https://soundcloud.com/luciano-youtube-3,BAILE DA MARCOLA,"rio de janeiro, Brazil",33900,10,22,0
Lower Than Atlantis,https://soundcloud.com/lowerthanatlantis,None,Watford,16146,3,101,0
Logos & logoi,https://soundcloud.com/logos_logoi,None,"S?o JosÇ dos Campos, Brazil",2967,10,340,47
Li Zhi ??,https://soundcloud.com/nanjinglizhi,Li Zhi ??,"??, China",5918,0,37,0
Latin Lab Music 2.0,https://soundcloud.com/latinlabmusic-2,Latin Lab Music,None,6193,12,45,0
Leo Dan,https://soundcloud.com/leo-dan-official,None,None,3247,0,666,0
NTVRadyo,https://soundcloud.com/ntvradyo,NTV Radyo,"?stanbul, Turkey",6335,0,23872,10
Nirmala Vidya,https://soundcloud.com/nirmala-vidya-portal,None,None,2531,1,9953,20
Newsradio WGAN,https://soundcloud.com/newsradio-wgan,None,None,565,0,15079,30
Nicholas David,https://soundcloud.com/thefeelin,None,"St. Paul, MN, United States",735829,9,24,0
NZXT PODCAST,https://soundcloud.com/nzxtpodcast,None,None,23188,0,113,0
Notasvertice102,https://soundcloud.com/notasvertice102-1,None,None,195,0,192,0
New Country 923,https://soundcloud.com/newcountry923fm,New Country 923,"Saint Louis, United States",3311,1,7148,20
News For The Soul Radio,https://soundcloud.com/news-for-the-soul-radio,Nicole Marie Whitney,"Vancouver, Canada",1484,0,8388,0
Narendra Modi,https://soundcloud.com/narendramodi,Prime Minister of India,India,9095,0,2423,20
nominuto,https://soundcloud.com/nominuto,Portal Nominuto.com,"Natal/RN, Brazil",311,0,8050,1
